State,Session,Bill-Number,Introduced,Name,Last-Action,Action-Date,Sponsor-List,Actions,Versions,Bill-Url,Source
MS,2018,,1/15/2018,HB 1429MS Statewide Open Source Software Law; create to incentivize development of software at colleges for use by state agencies.,"Jan 30, 2018Died In Committee",,,,,https://openstates.org/ms/bills/2018/HB1429/,openstates
WA,2017-2018,,1/16/2017,HB 1253Making higher education more affordable by providing incentives for the use of open source instructional materials.,"Jan 8, 2018By resolution, reintroduced and retained in present status.",,,,,https://openstates.org/wa/bills/2017-2018/HB1253/,openstates
NY,2017-2018,,2/2/2017,A 4521Provides a maximum $200 tax credit for taxpayer expenses associated with the development of open source and free software license programs,"Jan 3, 2018REFERRED TO WAYS AND MEANS",,,,,https://openstates.org/ny/bills/2017-2018/A4521/,openstates
NY,2017-2018,,1/4/2017,S 490Provides a maximum $200 tax credit for taxpayer expenses associated with the development of open source and free software license programs,"Jan 4, 2017REFERRED TO INVESTIGATIONS AND GOVERNMENT OPERATIONS",,,,,https://openstates.org/ny/bills/2017-2018/S490/,openstates
NY,2017-2018,,1/4/2017,S 492Relates to the procurement and use of Open Source Initiative approved open source license by state agencies,"Jan 4, 2017REFERRED TO FINANCE",,,,,https://openstates.org/ny/bills/2017-2018/S492/,openstates
NY,2015-2016,,1/7/2015,S 161Provides a maximum $200 tax credit for taxpayer expenses associated with the development of open source and free software license programs,Jun 2; 2016REPORTED AND COMMITTED TO FINANCE,,,,,https://openstates.org/ny/bills/2015-2016/S161/,openstates
NY,2015-2016,,5/12/2016,S 7768Relates to the procurement and use of Open Source Initiative approved open source license by state agencies,May 12; 2016REFERRED TO FINANCE,,,,,https://openstates.org/ny/bills/2015-2016/S7768/,openstates
WA,2015-2016,,1/20/2016,HB 2780Making higher education more affordable by providing incentives for the use of open source instructional materials.,Mar 10; 2016By resolution; reintroduced and retained in present status.,,,,,https://openstates.org/wa/bills/2015-2016/HB2780/,openstates
NY,2015-2016,,1/15/2015,A 2102Provides a maximum $200 tax credit for taxpayer expenses associated with the development of open source and free software license programs,Jan 6; 2016REFERRED TO WAYS AND MEANS,,,,,https://openstates.org/ny/bills/2015-2016/A2102/,openstates
NY,2013-2014,,1/9/2013,S 173Provides a maximum $200 tax credit for taxpayer expenses associated with the development of open source and free software license programs,Mar 28; 2014PRINT NUMBER 173A,,,,,https://openstates.org/ny/bills/2013-2014/S173/,openstates
NY,2013-2014,,1/9/2013,S 173AProvides a maximum $200 tax credit for taxpayer expenses associated with the development of open source and free software license programs,Mar 28; 2014PRINT NUMBER 173A,,,,,https://openstates.org/ny/bills/2013-2014/S173A/,openstates
NY,2013-2014,,1/23/2013,A 3158Provides a maximum $200 tax credit for taxpayer expenses associated with the development of open source and free software license programs,Jan 8; 2014referred to ways and means,,,,,https://openstates.org/ny/bills/2013-2014/A3158/,openstates
NH,2013,,1/3/2013,HB 155relative to the use of open source software by state agencies; including the department of information technology in the uniform electronic transactions act; and repealing ...,Jun 27; 2013Signed By Governor 06/25/2013; Effective 06/25/2013; Chapter 0118,,,,,https://openstates.org/nh/bills/2013/HB155/,openstates
CA,20112012,,2/8/2012,SB 1053Public postsecondary education: California Digital Open Source Library.,Sep 27; 2012Chaptered by Secretary of State. Chapter 622; Statutes of 2012.,,,,,https://openstates.org/ca/bills/20112012/SB1053/,openstates
NY,2011-2012,,10/27/2011,A 8682Provides a maximum $200 tax credit for taxpayer expenses associated with the development of open source and free software license programs,Jun 19; 2012held for consideration in ways and means,,,,,https://openstates.org/ny/bills/2011-2012/A8682/,openstates
RI,2012,,2/28/2012,SR 2541SENATE RESOLUTION URGING STATE AGENCIES TO CONSIDER USING OPEN SOURCE SOFTWARE,Apr 3; 201204/03/2012 Senate read and passed,,,,,https://openstates.org/ri/bills/2012/SR2541/,openstates
NH,2012,,1/21/2011,HB 418relative to the use of open source software and open data formats by state agencies and relative to the adoption of a statewide information policy ...,Mar 12; 2012Signed by the Governor 03/12/2012; Effective 05/11/2012; Chapter 0005,,,,,https://openstates.org/nh/bills/2012/HB418/,openstates
NY,2011-2012,,1/4/2012,A 8831Provides a maximum $200 tax credit for taxpayer expenses associated with the development of open source and free software license programs,Jan 4; 2012referred to ways and means,,,,,https://openstates.org/ny/bills/2011-2012/A8831/,openstates
NY,2011-2012,,1/5/2011,S 43Provides a maximum $200 tax credit for taxpayer expenses associated with the development of open source and free software license programs,Jan 4; 2012REFERRED TO INVESTIGATIONS AND GOVERNMENT OPERATIONS,,,,,https://openstates.org/ny/bills/2011-2012/S43/,openstates
NH,2011,,1/21/2011,HB 418relative to the use of open source software and open data formats by state agencies and relative to the adoption of a statewide information policy ...,Sep 1; 2011Work Session on Re-referred Bill: 9/8/11; Room 100; SH; 10:00 a.m.; SC36,,,,,https://openstates.org/nh/bills/2011/HB418/,openstates
NY,2011-2012,,1/5/2011,A 1163Provides a maximum $200 tax credit for taxpayer expenses associated with the development of open source and free software license programs,Jul 11; 2011enacting clause stricken,,,,,https://openstates.org/ny/bills/2011-2012/A1163/,openstates
VT,2011-2012,,3/18/2011,H 434AN ACT RELATING TO COMPARING THE COSTS AND BENEFITS OF DOWNLOADING FREE OPEN SOURCE SOFTWARE WITH PURCHASING PROPRIETARY COMPUTER SOFTWARE,Mar 18; 2011Read First Time and Referred to the Committee on Government Operations,,,,,https://openstates.org/vt/bills/2011-2012/H434/,openstates
VT,2009-2010,,1/15/2010,H 516AN ACT RELATING TO COMPARING THE COSTS AND BENEFITS OF DOWNLOADING FREE OPEN SOURCE SOFTWARE WITH PURCHASING PROPRIETARY COMPUTER SOFTWARE,Jan 15; 2010Read First Time and Referred to the Committee on Government Operations,,,,,https://openstates.org/vt/bills/2009-2010/H516/,openstates
TX,85,,3/9/2017,SB 1784Relating to open-source instructional material for public schools.,Jun 15; 2017Effective immediately,,,,,https://openstates.org/tx/bills/85/SB1784/,openstates
CT,2015,,1/22/2015,HB 6117AN ACT CONCERNING THE USE OF DIGITAL OPEN-SOURCE TEXTBOOKS IN HIGHER EDUCATION.,Jul 2; 2015SIGNED BY GOVERNOR,,,,,https://openstates.org/ct/bills/2015/HB6117/,openstates
TX,84,,3/12/2015,HB 3260Relating to a study and report regarding the use of open-source instructional materials at public schools.,Apr 28; 2015Left pending in committee,,,,,https://openstates.org/tx/bills/84/HB3260/,openstates
TX,84,,1/26/2015,HB 926Relating to a study and report regarding the use of open-source instructional materials at public institutions of higher education.,Apr 22; 2015Left pending in committee,,,,,https://openstates.org/tx/bills/84/HB926/,openstates
CA,20112012,,2/18/2011,SB 613Instructional materials: open-source.,Jan 31; 2012Returned to Secretary of Senate pursuant to Joint Rule 56.,,,,,https://openstates.org/ca/bills/20112012/SB613/,openstates
TX,81,,3/5/2009,HB 2488Relating to open-source textbooks and other instructional materials for public schools.,Jun 19; 2009Effective on 9/1/09,,,,,https://openstates.org/tx/bills/81/HB2488/,openstates
OK,,SB345,,Oklahoma Information Services Act; exempting J.D. McCarty Center for Children with Developmental Disabilities from definition. Emergency.,Second Reading referred to Appropriations,2/8/2011,John Sparks,3,1,https://www.billtrack50.com/BillDetail/88090,billtrack50
OK,,SB345,,Oklahoma Information Services Act; exempting J.D. McCarty Center for Children with Developmental Disabilities from definition. Emergency.,Second Reading referred to Appropriations,2/8/2011,John Sparks,3,1,https://www.billtrack50.com/BillDetail/150521,billtrack50
OK,,SB474,,Oklahoma Information Services Act; deleting obsolete language. Effective date.,Second Reading referred to Rules,2/8/2011,Brian Bingman,3,1,https://www.billtrack50.com/BillDetail/88729,billtrack50
OK,,SB474,,Oklahoma Information Services Act; deleting obsolete language. Effective date.,Second Reading referred to Rules,2/8/2011,Brian Bingman,3,1,https://www.billtrack50.com/BillDetail/150879,billtrack50
OK,,SB475,,Oklahoma Information Services Act; deleting obsolete language. Effective date.,Second Reading referred to Rules,2/8/2011,Brian Bingman,3,1,https://www.billtrack50.com/BillDetail/88660,billtrack50
OK,,SB475,,Oklahoma Information Services Act; deleting obsolete language. Effective date.,Second Reading referred to Rules,2/8/2011,Brian Bingman,3,1,https://www.billtrack50.com/BillDetail/150882,billtrack50
OK,,SB720,,Oklahoma Information Services Act; clarifying language. Effective date.,Second Reading referred to Rules,2/8/2011,Brian Bingman,3,1,https://www.billtrack50.com/BillDetail/87810,billtrack50
OK,,SB720,,Oklahoma Information Services Act; clarifying language. Effective date.,Second Reading referred to Rules,2/8/2011,Brian Bingman,3,1,https://www.billtrack50.com/BillDetail/151557,billtrack50
US,,HR108,,Voting Opportunity and Technology Enhancement Rights Act of 2011,Referred to the Subcommittee on Federal Workforce; U.S. Postal Service; and Labor Policy .,2/8/2011,John Conyers,7,1,https://www.billtrack50.com/BillDetail/341144,billtrack50
TX,,HB104,,Relating to abolishing the Texas Higher Education Coordinating Board and transferring the coordinating board's functions and activities and the State Board of Education's statutorily assigned functions and activities to the Texas Education Agency.,REFERRED TO HIGHER EDUCATION,2/9/2011,,3,1,https://www.billtrack50.com/BillDetail/118427,billtrack50
OK,,SB760,,Oklahoma Information Services Act; deleting obsolete language. Effective date.,Pending authorship Representative(s) Murphey,2/10/2011,Clark Jolley,4,1,https://www.billtrack50.com/BillDetail/87542,billtrack50
OK,,SB760,,Oklahoma Information Services Act; deleting obsolete language. Effective date.,Pending authorship Representative(s) Murphey,2/10/2011,Clark Jolley,4,1,https://www.billtrack50.com/BillDetail/146852,billtrack50
TX,,HB560,,Relating to electronic textbooks; state-developed open-source textbooks; and other instructional materials for public schools.,Referred to Public Education,2/18/2011,Wayne Christian; Dan Flynn,3,1,https://www.billtrack50.com/BillDetail/117690,billtrack50
TX,,HB2302,,Relating to transferring to the Texas Education Agency and the commissioner of education the statutorily assigned responsibilities of the State Board of Education concerning textbooks.,Referred to Public Education,3/10/2011,Garnet Coleman,3,1,https://www.billtrack50.com/BillDetail/124179,billtrack50
TX,,HB2464,,Relating to textbooks adopted by the State Board of Education for public schools.,Referred to Public Education,3/14/2011,John Frullo,3,1,https://www.billtrack50.com/BillDetail/121345,billtrack50
VT,,H0434,,An Act Relating To Comparing The Costs And Benefits Of Downloading Free Open Source Software With Purchasing Proprietary Computer Software,Read First Time and Referred to the Committee on Government Operations,3/18/2011,Kevin Christie; Susan Davis; Terry Macaig; Robert South; Robert South; Therese Taylor,1,1,https://www.billtrack50.com/BillDetail/110974,billtrack50
TX,,HB1539,,Relating to state ownership of school textbooks.,Left pending in committee,3/22/2011,Scott Hochberg,8,1,https://www.billtrack50.com/BillDetail/119748,billtrack50
UT,,SB0002,,New Fiscal Year Supplemental Appropriations Act,Governor Signed in LTGOV,3/29/2011,Melvin Brown; Lyle Hillyard,19,3,https://www.billtrack50.com/BillDetail/106893,billtrack50
TX,,SB6,,Relating to the foundation curriculum; the establishment of the instructional materials allotment; and the adoption; review; and purchase of instructional materials and technological equipment for public schools.,Referred to Public Education,4/14/2011,Florence Shapiro; Leticia Van de Putte,31,3,https://www.billtrack50.com/BillDetail/123490,billtrack50
OK,,HB1304,,Technology; creating the Information Technology Consolidation and Coordination Act.,Approved by Governor 05/24/2011,5/20/2011,Rick Brinkley; David Derby; Clark Jolley,42,3,https://www.billtrack50.com/BillDetail/88035,billtrack50
OK,,HB1304,,Technology; creating the Information Technology Consolidation and Coordination Act.,Approved by Governor 05/24/2011,5/20/2011,Rick Brinkley; David Derby; Clark Jolley,42,3,https://www.billtrack50.com/BillDetail/146685,billtrack50
AL,,SB382,,State agencies; computers and technology; open source software authorized; Finance Department to implement and administer,Read for the first time and referred to the House of Representatives committee on State Government,5/25/2011,Quinton Ross,5,1,https://www.billtrack50.com/BillDetail/4455,billtrack50
TX,,HB6,,Relating to the foundation curriculum; the establishment of the instructional materials allotment; and the adoption; review; and purchase of instructional materials and technological equipment for public schools.,1 hr. notice-to suspend rules,5/29/2011,Jimmie Aycock; Daniel Branch; Florence Shapiro; J.D. Sheffield; Michael Villarreal; Alma Allen; Rob Eissler; Mark Strama; Harold Dutton; Ryan Guillen; Dan Huberty; John Otto; Ralph Sheffield; Mark Shelton,122,4,https://www.billtrack50.com/BillDetail/124719,billtrack50
ME,,LD569,,An Act To Support and Encourage the Use of Online Textbooks,(S) Under suspension of the Rules PASSED TO BE ENACTED in concurrence,6/6/2011,Justin Alfond; Devin Beliveau; Seth Berry; Seth Goodall; Robert Hunt; Troy Jackson; Garrett Mason; Jeff McCabe,18,1,https://www.billtrack50.com/BillDetail/44633,billtrack50
TX,,HB6,,Relating to the foundation curriculum; the establishment of the instructional materials allotment; the adoption; review; and purchase of instructional materials and technological equipment for public schools; and the administration of state assessment instruments to public school students.,Committee report sent to Calendars,6/8/2011,Rob Eissler,13,2,https://www.billtrack50.com/BillDetail/106031,billtrack50
TX,,SR107,,Suspending limitations on conference committee jurisdiction; S.B. No. 6.,Reported enrolled,6/27/2011,Florence Shapiro,4,0,https://www.billtrack50.com/BillDetail/106277,billtrack50
TX,,HR198,,Suspending limitations on conference committee jurisdiction; S.B. No. 6.,Reported enrolled,6/28/2011,Rob Eissler,7,0,https://www.billtrack50.com/BillDetail/106254,billtrack50
OR,,HB2963,,Relating to higher education textbooks; declaring an emergency.,In committee upon adjournment.,6/30/2011,Jeff Barker; Michael Dembrow; Margaret Doherty; Sara Gelser; Mitch Greenlick; Chris Harker; Paul Holvey,7,1,https://www.billtrack50.com/BillDetail/89944,billtrack50
MA,,H3401,,Making appropriations for the fiscal year 2012 for the maintenance of the departments; boards; commissions; institutions and certain activities of the Commonwealth; for interest; sinking fund and serial bond requirements and for certain permanent improvements,Reported; on the residue; in part; by H3565 ,7/1/2011,Brian Dempsey,17,2,https://www.billtrack50.com/BillDetail/41614,billtrack50
NY,,A01163,,Provides a maximum $200 tax credit for taxpayer expenses associated with the development of open source and free software license programs.,enacting clause stricken,7/11/2011,Alec Brook-Krasny; Kevin Cahill; Micah Kellner; Vito Lopez; Crystal Peoples-Stokes; Mike Spano,2,3,https://www.billtrack50.com/BillDetail/72756,billtrack50
TX,,SB6,,Relating to the foundation curriculum; the establishment of the instructional materials allotment; and the adoption; review; and purchase of instructional materials and technological equipment for public schools; providing penalties.,See remarks for effective date,7/19/2011,Daniel Branch; Rob Eissler; Scott Hochberg; Florence Shapiro,85,5,https://www.billtrack50.com/BillDetail/105918,billtrack50
NH,,HB418,,Relative to the use of open source software and open data formats by state agencies and relative to the adoption of a statewide information policy regarding open government data standards.,Senate Work Session on Re-referred Bill: 9/8/11; Room 100; State House; 10:00 a.m.; Senate Calendar 36 ,9/1/2011,Seth Cohn; Sean Cox; Joshua Davenport; George Lambert; Bruce MacMahon; Calvin Pratt,16,4,https://www.billtrack50.com/BillDetail/61201,billtrack50
CA,,AB1023,,Maintenance of the codes.,Chaptered by Secretary of State - Chapter 296; Statutes of 2011.,9/21/2011,Donald Wagner,24,5,https://www.billtrack50.com/BillDetail/8472,billtrack50
NH,,HB310,,Relative to the use of open data formats and the adoption of a statewide policy regarding open government data standards.,House Retained Bill - Executive Session: 10/27/2011 10:00 Amendment Legislative Office Building 306 (If Necessary Continued 11/1/2011 10:30 Amendment Legislative Office Building 306) ,9/27/2011,Seth Cohn; Sean Cox; Joshua Davenport; George Lambert; Bruce MacMahon; Calvin Pratt,8,4,https://www.billtrack50.com/BillDetail/61040,billtrack50
NH,,HB310,,Relative to the use of open data formats and the adoption of a statewide policy regarding open government data standards.,House Inexpedient to Legislate: Motion Adopted Voice Vote; House Journal  7; PG.388 ,1/4/2012,Seth Cohn; Sean Cox; Joshua Davenport; George Lambert; Bruce MacMahon; Calvin Pratt,10,1,https://www.billtrack50.com/BillDetail/132475,billtrack50
NY,,A08831,,Provides a maximum $200 tax credit for taxpayer expenses associated with the development of open source and free software license programs.,referred to ways and means,1/4/2012,William Boyland; Ellen Jaffee; Dan Quart; David Weprin,1,1,https://www.billtrack50.com/BillDetail/131634,billtrack50
NY,,S00043,,Provides a maximum $200 tax credit for taxpayer expenses associated with the development of open source and free software license programs.,REFERRED TO INVESTIGATIONS AND GOVERNMENT OPERATIONS,1/4/2012,Ruth Hassell-Thompson; Daniel Squadron,2,3,https://www.billtrack50.com/BillDetail/72800,billtrack50
AZ,,HB2246,,University professors; textbook information; website,Referred to House HEIR Committee,1/19/2012,Tom Forese,5,1,https://www.billtrack50.com/BillDetail/204749,billtrack50
SC,,S1106,,Not yet available,Introduced; adopted; returned with concurrence,1/19/2012,John Knotts,2,1,https://www.billtrack50.com/BillDetail/152140,billtrack50
CA,,SB613,,Instructional materials: open-source.,Returned to Secretary of Senate pursuant to Joint Rule 56.,1/31/2012,Elaine Alquist,12,3,https://www.billtrack50.com/BillDetail/8523,billtrack50
OK,,SB1259,,Oklahoma Information Services Act; exempting J.D. McCarty Center for Children with Developmental Disabilities from definition. Emergency.,Second Reading referred to Appropriations,2/7/2012,John Sparks,3,1,https://www.billtrack50.com/BillDetail/152810,billtrack50
OK,,HB2940,,Technology; requiring transfer of certain assets and positions of the Oklahoma State Regents for Higher Education and OneNet.,Emergency removed,2/13/2012,David Derby,5,1,https://www.billtrack50.com/BillDetail/158453,billtrack50
UT,,SB0284,,Concurrent Enrollment Amendments,House/ substituted in HSUB,3/8/2012,Don Ipson; Stephen Urquhart,26,2,https://www.billtrack50.com/BillDetail/189949,billtrack50
NH,,HB418,,Relative to the use of open source software and open data formats by state agencies and relative to the adoption of a statewide information policy regarding open government data standards.,House Signed by the Governor 03/12/2012; Effective 05/11/2012; Chapter 0005 ,3/12/2012,Seth Cohn; Sean Cox; Joshua Davenport; George Lambert; Bruce MacMahon; Calvin Pratt,23,4,https://www.billtrack50.com/BillDetail/132516,billtrack50
OR,,HB4058,,Relating to higher education textbooks; and prescribing an effective date.,Chapter 95; (2012 Laws): Effective date July 1; 2012.,4/11/2012,,24,4,https://www.billtrack50.com/BillDetail/170383,billtrack50
WA,,HB2634,,Encouraging K-12 students to use online instructional programs during breaks within and between school years.,By resolution; reintroduced and retained in present status.,4/11/2012,Andy Billig; Marko Liias; Kristine Lytton; Marcie Maxwell; Tim Probst,3,1,https://www.billtrack50.com/BillDetail/159090,billtrack50
OK,,HB2197,,State government; creating the Strategic Cost Reduction and Saving Act; codification.,Approved by Governor 04/23/2012,4/23/2012,Josh Brecheen; Jason Murphey,24,3,https://www.billtrack50.com/BillDetail/149149,billtrack50
OK,,HB2939,,Technology; Chief Information Officers; providing for certain powers and duties related to procurement of information and telecommunication technology; prohibiting transfer of duties; providing for state employees participation in certain retirement program.,Approved by Governor 05/25/2012,5/25/2012,Rick Brinkley; David Derby,36,3,https://www.billtrack50.com/BillDetail/158455,billtrack50
OK,,HB3079,,State agency consolidation; effective date.,Approved by Governor 05/29/2012,5/25/2012,Kim David; Jason Murphey; Sue Tibbs,44,3,https://www.billtrack50.com/BillDetail/158073,billtrack50
NY,,A08682,,Provides a maximum $200 tax credit for taxpayer expenses associated with the development of open source and free software license programs.,held for consideration in ways and means,6/19/2012,Micah Kellner,3,1,https://www.billtrack50.com/BillDetail/130288,billtrack50
NH,,HB1593,,Relative to the department of information technology.,House Signed By Governor 06/18/2012; Effective 06/18/2012; Chapter 0265 ,6/22/2012,Seth Cohn; Sharon Carson,30,9,https://www.billtrack50.com/BillDetail/132150,billtrack50
NJ,,S2072,,Reorganizes and renames DHSS as Department of Health; establishes Division of Aging Services in DHS.,Substituted by A3104 (1R),6/28/2012,Thomas Kean; Joseph Vitale,4,3,https://www.billtrack50.com/BillDetail/284527,billtrack50
NJ,,A3104,,Reorganizes and renames DHSS as Department of Health; establishes Division of Aging Services in DHS.,Approved P.L.2012; c.17.,6/29/2012,Mary Angelini; Amy Handlin; Thomas Kean; Donna Simon; Joseph Vitale,8,3,https://www.billtrack50.com/BillDetail/284566,billtrack50
MA,,H2842,,Relative to unfair competition,Accompanied a study order; see H4364,7/31/2012,Michael Moran,12,1,https://www.billtrack50.com/BillDetail/41111,billtrack50
CA,,SB1017,,Vote by mail ballots and election result statements.,From committee with author's amendments. Read second time and amended. Re-referred to Com. on BUDGET. (Corrected August 24.),8/23/2012,,11,4,https://www.billtrack50.com/BillDetail/172812,billtrack50
CA,,AB1466,,Budget Act of 2012: Governor's Scholarship Programs:,Re-referred to Com. on RLS.,8/27/2012,Luis Alejo; Robert Blumenfield; Susan Bonilla; Julia Brownley; Joan Buchanan; Betsy Butler; Wesley Chesbro; Roger Dickinson; Mike Feuer; Richard Gordon; Jared Huffman; Holly Mitchell; William Monning; Sandré Swanson,17,4,https://www.billtrack50.com/BillDetail/140308,billtrack50
CA,,AB1476,,Education finance.,Re-referred to Coms. on ED. and BUDGET pursuant to Assembly Rule 77.2.,8/30/2012,Luis Alejo; Robert Blumenfield; Susan Bonilla; Julia Brownley; Joan Buchanan; Betsy Butler; Wesley Chesbro; Roger Dickinson; Mike Feuer; Richard Gordon; Jared Huffman; Holly Mitchell; William Monning; Sandré Swanson,19,4,https://www.billtrack50.com/BillDetail/140756,billtrack50
CA,,SB1028,,Education finance.,Chaptered by Secretary of State. Chapter 575; Statutes of 2012.,9/26/2012,,15,5,https://www.billtrack50.com/BillDetail/172460,billtrack50
CA,,AB1246,,Instructional materials.,Chaptered by Secretary of State - Chapter 668; Statutes of 2012.,9/27/2012,Julia Brownley; Alan Lowenthal,29,10,https://www.billtrack50.com/BillDetail/8607,billtrack50
CA,,SB1052,,Public postsecondary education: California Open,Chaptered by Secretary of State. Chapter 621; Statutes of 2012.,9/27/2012,Elaine Alquist; Robert Blumenfield; Kevin de Leon; Anthony Portantino; Jose Solorio; Darrell Steinberg; Leland Yee; Carol Liu; Fran Pavley,25,6,https://www.billtrack50.com/BillDetail/176519,billtrack50
CA,,SB1053,,Public postsecondary education: California Digital Open,Chaptered by Secretary of State. Chapter 622; Statutes of 2012.,9/27/2012,Elaine Alquist; Robert Blumenfield; Kevin de Leon; Jose Solorio; Darrell Steinberg; Leland Yee; Carol Liu; Fran Pavley,25,6,https://www.billtrack50.com/BillDetail/176517,billtrack50
MA,,H76,,Creating a means for tracking the unmet need of individuals with developmental disabilities in the Commonwealth of Massachusetts.,Accompanied a study order; see H4533,12/6/2012,John Fresolo; Tom Sannicandro,11,1,https://www.billtrack50.com/BillDetail/36822,billtrack50
MA,,S1920,,Senate; Thursday; May 26; 2011– Text of the Senate amendments to the House Bill making appropriations for the fiscal year 2012 for the maintenance of the departments; boards; commissions; institutions and certain activities of the Commonwealth; for interest; sinking fund and serial bond requirements and for certain permanent improvements (House; No. 3401).,No further action taken,1/1/2013,,3,1,https://www.billtrack50.com/BillDetail/129133,billtrack50
IL,,HB3501,,INC TX-EDUCATION,Session Sine Die,1/8/2013,David Winters,6,1,https://www.billtrack50.com/BillDetail/30734,billtrack50
VA,,HB1777,,Virginia Open Education Resources Council; established.,Tabled in Science and Technology by voice vote,1/30/2013,David Albo; Eileen Filler-Corn; Kaye Kory; K. Robert Krupicka; Lynwood Lewis; Alfonso Lopez; Joe May; Delores McQuinn; Kenneth Plum; James Scott; Scott Surovell; David Toscano; Roslyn Tyler,3,1,https://www.billtrack50.com/BillDetail/305390,billtrack50
OK,,HB1840,,Technology; requiring transfer of certain assets and positions of the Oklahoma State Regents for Higher Education and OneNet; effective date.,Second Reading referred to Government Modernization,2/5/2013,David Derby,3,1,https://www.billtrack50.com/BillDetail/312826,billtrack50
VA,,HR208,,Celebrating the life of Dawn Lawson.,Bill text as passed House (HR208ER),2/21/2013,David Bulova; Eileen Filler-Corn; Mark Keam,5,2,https://www.billtrack50.com/BillDetail/371743,billtrack50
MN,,SF824,,Open educational resource council establishment and appropriation,Referred to Higher Education and Workforce Development,2/28/2013,Kent Eken; Susan Kent; Jeremy Miller; Tim Miller,2,1,https://www.billtrack50.com/BillDetail/383624,billtrack50
VA,,SJR431,,Celebrating the life of Dawn Michele Lawson.,Bill text as passed Senate and House (SJ431ER),3/5/2013,Dave Marsden,8,2,https://www.billtrack50.com/BillDetail/372678,billtrack50
MN,,HF789,,Open Education Resource Council established; and money appropriated.,Committee report; to pass as amended and re-refer to Higher Education Finance and Policy,3/7/2013,Kathy Brynaert; Zachary Dorholt; David Fitzsimmons; Ben Lien; Kim Norton; Chris Swedzinski; Ryan Winkler,2,2,https://www.billtrack50.com/BillDetail/375348,billtrack50
US,,S626,,A bill to de-link research and development incentives from drug prices for new medicines to treat HIV/AIDS and to stimulate greater sharing of scientific knowledge.,Read twice and referred to the Committee on Health; Education; Labor; and Pensions.,3/20/2013,Bernard Sanders,1,1,https://www.billtrack50.com/BillDetail/401488,billtrack50
US,,S627,,A bill to provide incentives for investment in research and development for new medicines; to enhance access to new medicines; and for other purposes.,Read twice and referred to the Committee on Health; Education; Labor; and Pensions.,3/20/2013,Bernard Sanders,1,1,https://www.billtrack50.com/BillDetail/401500,billtrack50
UT,,SB0162,,Concurrent Enrollment Amendments,Governor Signed in ELTGOV,3/22/2013,Don Ipson; Stephen Urquhart,43,3,https://www.billtrack50.com/BillDetail/342556,billtrack50
AZ,,HB2230,,Information services; technology,Referred to Senate RULES Committee,3/26/2013,Steve Smith; David Stevens; Bob Thorpe,26,2,https://www.billtrack50.com/BillDetail/307679,billtrack50
OK,,SB977,,Multiple versions of statutes; amending; merging and repealing multiple versions of statutes. Effective date. Emergency.,Approved by Governor 04/08/2013,4/8/2013,Leslie Osborn; Anthony Sykes,19,3,https://www.billtrack50.com/BillDetail/312032,billtrack50
OK,,SB977,,Multiple versions of statutes; amending; merging and repealing multiple versions of statutes. Effective date. Emergency.,Approved by Governor 04/08/2013,4/8/2013,Leslie Osborn; Anthony Sykes,19,3,https://www.billtrack50.com/BillDetail/430295,billtrack50
OK,,HB2062,,Technology; county purchasing procedures; updating language and modifying duties of the Information Services Division of the Office of Management and Enterprise Services and the Chief Information Officer; effective date; emergency.,Approved by Governor 05/29/2013,5/24/2013,David Derby; Michael Jackson; Clark Jolley; Jason Murphey,38,3,https://www.billtrack50.com/BillDetail/312588,billtrack50
OK,,HB2062,,Technology; county purchasing procedures; updating language and modifying duties of the Information Services Division of the Office of Management and Enterprise Services and the Chief Information Officer; effective date; emergency.,Approved by Governor 05/29/2013,5/24/2013,David Derby; Clark Jolley; Jason Murphey,38,3,https://www.billtrack50.com/BillDetail/429664,billtrack50
TX,,HB5,,Relating to public school accountability; including assessment; and curriculum requirements; providing a criminal penalty.,See remarks for effective date,6/10/2013,Alma Allen; Carol Alvarado; Trent Ashby; Jimmie Aycock; Dwayne Bohac; Dennis Bonnen; Greg Bonnen; Bill Callegari; Terry Canales; Travis Clardy; Nicole Collier; Byron Cook; Philip Cortez; Anthony Dale; Drew Darby; John Davis; Joseph Deshotel; Harold Dutton; Pat Fallon; Joe Farias; Marsha Farney; Allen Fletcher; Dan Flynn; James Frank; Larry Gonzales; Robert Guerra; Ryan Guillen; Harvey Hilderbran; Dan Huberty; Jason Isaac; Kyle Kacal; Jim Keffer; Ken King; Phil King; Susan King; Tim Kleinschmidt; Lois Kolkhorst; John Kuempel; Lyle Larson; George Lavender; Jeff Leach; Oscar Longoria; J.M. Lozano; Eddie Lucio; Ruth McClendon; Joseph Moody; Geanie Morrison; Sergio Munoz; Jim Murphy; John Otto; Chris Paddie; Dan Patrick; Diane Patrick; Charles Perry; Four Price; John Raney; Bennett Ratliff; Richard Raymond; Ron Reynolds; Eddie Rodriguez; Justin Rodriguez; Charles Schwertner; Ralph Sheffield; Wayne Smith; Jonathan Stickland; Jason Villalba; Michael Villarreal; Hubert Vo; James White; Molly White; Paul Workman; Gene Wu; John Zerwas,351,5,https://www.billtrack50.com/BillDetail/352569,billtrack50
CA,,SB520,,Student instruction: California Online Student Incentive,Referred to Com. on HIGHER ED.,6/17/2013,Cristina Garcia; Darrell Steinberg,21,5,https://www.billtrack50.com/BillDetail/376840,billtrack50
NH,,HB155,,Relative to the use of open source software by state agencies; including the department of information technology in the uniform electronic transactions act; and repealing the information practices act.,Signed By Governor 06/25/2013; Effective 06/25/2013; Chapter 0118 ,6/27/2013,Peter Leishman; Lynne Ober,19,5,https://www.billtrack50.com/BillDetail/298106,billtrack50
US,,HR1960,,National Defense Authorization Act for Fiscal Year 2014,Received in the Senate. Read twice. Placed on Senate Legislative Calendar under General Orders. Calendar No. 126.,7/8/2013,Buck McKeon; Adam Smith,191,4,https://www.billtrack50.com/BillDetail/417549,billtrack50
US,,HR419,,Taiwan Policy Act of 2013,Ordered to be Reported in the Nature of a Substitute (Amended) by Unanimous Consent.,8/1/2013,Robert Andrews; Gus Bilirakis; John Carter; Steve Chabot; Mike Coffman; Gerry Connolly; Jeff Denham; Mario Diaz-Balart; Eni Faleomavaega; Bill Flores; J. Randy Forbes; Scott Garrett; Michael Grimm; Vicky Hartzler; Alcee Hastings; Walter Jones; William Keating; Mike Kelly; Kenny Marchant; Michael McCaul; Luke Messer; Ileana Ros-Lehtinen; Lucille Roybal-Allard; Ed Royce; John Shimkus; Albio Sires; Steve Stivers; Steve Stockman; Marc Veasey,9,1,https://www.billtrack50.com/BillDetail/327214,billtrack50
NY,,A03158,,Provides a maximum $200 tax credit for taxpayer expenses associated with the development of open source and free software license programs.,referred to ways and means,1/8/2014,William Boyland; Ellen Jaffee; Dan Quart; David Weprin,2,1,https://www.billtrack50.com/BillDetail/321072,billtrack50
CA,,AB1099,,Public postsecondary education: disabled student services.,Died at Desk.,2/3/2014,Paul Fong,4,1,https://www.billtrack50.com/BillDetail/378915,billtrack50
OK,,HB1840,,Technology; requiring transfer of certain assets and positions of the Oklahoma State Regents for Higher Education and OneNet; effective date.,Authored by Senator Jolley (principal Senate author),2/6/2014,David Derby; Clark Jolley; Jason Murphey,6,1,https://www.billtrack50.com/BillDetail/431071,billtrack50
US,,HR4034,,WMD Prevention and Preparedness Act of 2014,Referred to the Subcommittee on Emergency Preparedness; Response and Communications.,2/27/2014,Peter King; Bill Pascrell,10,1,https://www.billtrack50.com/BillDetail/483397,billtrack50
WA,,HB2185,,Making 2014 supplemental operating appropriations.,Passed to Rules Committee for second reading.,3/3/2014,Bruce Chandler; Ross Hunter,9,2,https://www.billtrack50.com/BillDetail/444895,billtrack50
NY,,S00173,,Provides a maximum $200 tax credit for taxpayer expenses associated with the development of open source and free software license programs.,PRINT NUMBER 173A,3/28/2014,Ruth Hassell-Thompson; Daniel Squadron,4,2,https://www.billtrack50.com/BillDetail/295444,billtrack50
WA,,SB6002,,Making 2014 supplemental operating appropriations.,Effective date 4/4/2014.,4/4/2014,James Hargrove; Andy Hill,35,5,https://www.billtrack50.com/BillDetail/444782,billtrack50
ME,,LD1849,,Resolve; To Establish the Commission To Study College Affordability and College Completion,Subsequently; FINALLY PASSED - Emergency 2/3 Elected Required ; in concurrence.,4/16/2014,,19,0,https://www.billtrack50.com/BillDetail/506018,billtrack50
NE,,LB919,,Create the Open Data Advisory Board,Indefinitely Postponed,4/17/2014,Heath Mello,4,1,https://www.billtrack50.com/BillDetail/453297,billtrack50
MA,,H149,,Creating a means for tracking the unmet need of individuals with developmental disabilities in the Commonwealth of Massachusetts.,Bill reported favorably by committee as changed and referred to the committee on House Ways and Means,5/12/2014,Kay Khan; David Linsky; Timothy Madden; Tom Sannicandro; Thomas Stanley,4,1,https://www.billtrack50.com/BillDetail/368040,billtrack50
US,,HR4186,,FIRST Act of 2014,Ordered to be Reported (Amended) by Voice Vote.,5/28/2014,Larry Bucshon; Chris Collins; Lamar Smith; Steve Stockman,9,1,https://www.billtrack50.com/BillDetail/500839,billtrack50
US,,S2410,,An original bill to authorize appropriations for fiscal year 2015 for military activities of the Department of Defense; for military construction; and for defense activities of the Department of Energy; to prescribe military personnel strengths for such fiscal year; and for other purposes.,Placed on Senate Legislative Calendar under General Orders. Calendar No. 402.,6/2/2014,Carl Levin,2,1,https://www.billtrack50.com/BillDetail/516247,billtrack50
MA,,S1534,,To allow for municipal innovation through procurement reform,Accompanied a study order; see H4143,6/4/2014,Carlo Basile; William Brownsberger; Christopher Fallon; Michael Rush; Karen Spilka,4,1,https://www.billtrack50.com/BillDetail/368297,billtrack50
US,,HR4435,,"Howard P. ""Buck"" McKeon National Defense Authorization Act for Fiscal Year 2015",Received in the Senate. Read twice. Placed on Senate Legislative Calendar under General Orders. Calendar No. 425.,6/5/2014,Buck McKeon; Adam Smith,154,4,https://www.billtrack50.com/BillDetail/509136,billtrack50
US,,HR4455,,Learning Opportunities With Creation of Open Source Textbooks (LOW COST) Act of 2014,Referred to the Subcommittee on Higher Education and Workforce Training.,6/13/2014,Bill Foster; Sheila Jackson Lee; Charles Rangel,5,1,https://www.billtrack50.com/BillDetail/509519,billtrack50
US,,S2757,,A bill to invest in innovation through research and development; to improve the competitiveness of the United States; and for other purposes.,Read twice and referred to the Committee on Commerce; Science; and Transportation.,7/31/2014,Christopher Coons; Richard Durbin; Edward Markey; Bill Nelson; Mark Pryor; John Rockefeller,1,1,https://www.billtrack50.com/BillDetail/520179,billtrack50
US,,HR1232,,Federal Information Technology Acquisition Reform Act,Placed on Senate Legislative Calendar under General Orders. Calendar No. 577.,9/18/2014,Gerry Connolly; Darrell Issa,14,4,https://www.billtrack50.com/BillDetail/400123,billtrack50
CA,,AB609,,State-funded research: State Department of Public Health.,Chaptered by Secretary of State - Chapter 789; Statutes of 2014.,9/29/2014,Beth Gaines; Mike Gatto; Jerry Hill; Brian Maienschein; Brian Nestande; Kristin Olsen; Nancy Skinner,32,11,https://www.billtrack50.com/BillDetail/375106,billtrack50
IL,,HB3247,,OPEN COLLEGE TEXTBOOK ACT,Session Sine Die,12/3/2014,Kenneth Dunkin,6,1,https://www.billtrack50.com/BillDetail/380626,billtrack50
IL,,HR1161,,URGE US HOUSE - LOW COST ACT,Session Sine Die,12/3/2014,Lawrence Walsh,3,1,https://www.billtrack50.com/BillDetail/515417,billtrack50
US,,HR5793,,Cyber Supply Chain Management and Transparency Act of 2014,Referred to the House Committee on Oversight and Government Reform.,12/4/2014,Lynn Jenkins; Ed Royce,2,1,https://www.billtrack50.com/BillDetail/526530,billtrack50
US,,HR3979,,"Carl Levin and Howard P. ""Buck"" McKeon National Defense Authorization Act for Fiscal Year 2015",Became Public Law No: 113-291.,12/19/2014,Spencer Bachus; Ron Barber; Lou Barletta; Andy Barr; Dan Benishek; Kerry Bentivolio; Tim Bishop; Suzanne Bonamici; James Bridenstine; Susan Brooks; Shelley Capito; John Carney; Andre Carson; John Carter; Chris Collins; Gerry Connolly; Tom Cotton; Joe Courtney; Kevin Cramer; Rick Crawford; Steven Daines; Rodney Davis; Peter DeFazio; Charlie Dent; Elizabeth Esty; Stephen Fincher; Mike Fitzpatrick; J. Randy Forbes; Rodney Frelinghuysen; Joe Garcia; Cory Gardner; Jim Gerlach; Bob Gibbs; Chris Gibson; Bob Goodlatte; Paul Gosar; Sam Graves; Tim Griffin; Morgan Griffith; Michael Grimm; Richard Hanna; Gregg Harper; Andy Harris; Doc Hastings; Tim Huelskamp; Bill Huizenga; Robert Hurt; Steve Israel; Lynn Jenkins; Sam Johnson; Walter Jones; David Joyce; Mike Kelly; Derek Kilmer; Peter King; Leonard Lance; James Lankford; Tom Latham; Bob Latta; Frank LoBiondo; Cynthia Lummis; Tom Marino; Thomas Massie; Michael McCaul; David McKinley; Mark Meadows; Patrick Meehan; Michael Michaud; Candice Miller; Tim Murphy; Alan Nunnelee; Erik Paulsen; Scott Perry; Robert Pittenger; Joe Pitts; Ted Poe; Nick Rahall; Tom Reed; Dave Reichert; Jim Renacci; Martha Roby; Todd Rokita; Peter Roskam; Keith Rothfus; Jon Runyan; Pete Sessions; John Shimkus; Bill Shuster; Mike Simpson; Steve Stivers; Glenn Thompson; Patrick Tiberi; Michael Turner; Chris Van Hollen; Tim Walberg; Greg Walden; Jackie Walorski; Daniel Webster; Brad Wenstrup; Lynn Westmoreland; Edward Whitfield; Roger Williams; Joe Wilson; Rob Wittman; Steve Womack; Kevin Yoder; Todd Young,129,7,https://www.billtrack50.com/BillDetail/475178,billtrack50
IL,,SB3449,,INC TX-EDUCATION,Session Sine Die,1/13/2015,Michael Noland,7,1,https://www.billtrack50.com/BillDetail/485072,billtrack50
OK,,SB550,,State information services; modifying agencies subject to Information Services Act. Effective date. Emergency.,Second Reading referred to Judiciary Committee then to Appropriations Committee,2/3/2015,Anthony Sykes,3,1,https://www.billtrack50.com/BillDetail/555789,billtrack50
OK,,SB550,,State information services; modifying agencies subject to Information Services Act. Effective date. Emergency.,Second Reading referred to Judiciary Committee then to Appropriations Committee,2/3/2015,Anthony Sykes,3,1,https://www.billtrack50.com/BillDetail/657698,billtrack50
VA,,HB2041,,Open Education Resources Innovation Council; established; report.,Left in Appropriations,2/10/2015,Eileen Filler-Corn,10,2,https://www.billtrack50.com/BillDetail/542894,billtrack50
US,,S456,,A bill to codify mechanisms for enabling cybersecurity threat indicator sharing between private and government entities; as well as among private entities; to better protect information systems.,Read twice and referred to the Committee on Homeland Security and Governmental Affairs.,2/11/2015,Thomas Carper,1,1,https://www.billtrack50.com/BillDetail/586399,billtrack50
TX,,HB926,,Relating to a study and report regarding the use of open-source instructional materials at public institutions of higher education.,Left pending in committee,4/22/2015,Terry Canales,8,1,https://www.billtrack50.com/BillDetail/562592,billtrack50
TX,,SB1845,,Relating to employment of a statewide data coordinator in the Department of Information Resources.,Not again placed on intent calendar,4/27/2015,Judith Zaffirini,14,2,https://www.billtrack50.com/BillDetail/621909,billtrack50
TX,,HB3260,,Relating to a study and report regarding the use of open-source instructional materials at public schools.,Left pending in committee,4/28/2015,Abel Herrero,8,0,https://www.billtrack50.com/BillDetail/618914,billtrack50
US,,S1243,,Grid Modernization Act of 2015,Committee on Energy and Natural Resources. Hearings held.,5/14/2015,Maria Cantwell; Al Franken; Martin Heinrich; Mazie Hirono; Angus King,2,1,https://www.billtrack50.com/BillDetail/642191,billtrack50
TX,,SB915,,Relating to the establishment and administration by the Texas Higher Education Coordinating Board of a textbook affordability pilot program at a public institution of higher education.,Committee report sent to Calendars,5/18/2015,Lois Kolkhorst; John Zerwas,34,4,https://www.billtrack50.com/BillDetail/608273,billtrack50
ME,,LD1207,,Resolve; To Implement an Online Professional Development Platform for Teachers and Educators,Pursuant to Joint Rule 310.3 Placed in Legislative Files (DEAD),5/21/2015,Brian Hubbell; Brian Langley,7,0,https://www.billtrack50.com/BillDetail/629981,billtrack50
US,,HR1806,,America COMPETES Reauthorization Act of 2015,Received in the Senate and Read twice and referred to the Committee on Commerce; Science; and Transportation.,5/21/2015,Brian Babin; James Bridenstine; Barbara Comstock; Randy Hultgren; Stephen Knight; Barry Loudermilk; Frank Lucas; John Moolenaar; Steven Palazzo; Lamar Smith; Randy Weber,65,3,https://www.billtrack50.com/BillDetail/636350,billtrack50
TX,,SB1844,,Relating to the establishment and functions of the Interagency Data Transparency Commission.,Effective on 9/1/15,6/16/2015,Armando Walle; Judith Zaffirini,51,5,https://www.billtrack50.com/BillDetail/621533,billtrack50
TX,,HB1549,,Relating to nonsubstantive corrections in statutes to references to the Texas Youth Commission and Texas Juvenile Probation Commission.,Effective on 9/1/15,6/17/2015,Ruth McClendon; Jose Menendez,56,5,https://www.billtrack50.com/BillDetail/592410,billtrack50
FL,,S0016,,Florida Institute for Human and Machine Cognition,ADOPTED,6/18/2015,Greg Evers,4,1,https://www.billtrack50.com/BillDetail/650133,billtrack50
CT,,HB06117,,An Act Concerning The Use Of Digital Open-source Textbooks In Higher Education.,Signed by the Governor,7/2/2015,Mae Flexer; Gregory Haddad,23,4,https://www.billtrack50.com/BillDetail/555469,billtrack50
US,,S1945,,Mental Health Reform Act of 2015,Read twice and referred to the Committee on Health; Education; Labor; and Pensions.,8/5/2015,Kelly Ayotte; Richard Blumenthal; John Boozman; Shelley Capito; Bill Cassidy; Susan Collins; Al Franken; Kirsten Gillibrand; Mark Kirk; Amy Klobuchar; Lisa Murkowski; Chris Murphy; Charles Schumer; Debbie Stabenow; Thom Tillis; David Vitter; Elizabeth Warren,1,1,https://www.billtrack50.com/BillDetail/653330,billtrack50
US,,HR3313,,Cyber Defense of Federal Networks Act of 2015,Referred to the Subcommittee on Cybersecurity; Infrastructure Protection; and Security Technologies.,8/11/2015,Michael McCaul; John Ratcliffe,5,1,https://www.billtrack50.com/BillDetail/652952,billtrack50
US,,S2089,,American Energy Innovation Act,Read the second time. Placed on Senate Legislative Calendar under General Orders. Calendar No. 241.,9/29/2015,Michael Bennet; Richard Blumenthal; Cory Booker; Barbara Boxer; Maria Cantwell; Benjamin Cardin; Thomas Carper; Christopher Coons; Richard Durbin; Dianne Feinstein; Al Franken; Kirsten Gillibrand; Martin Heinrich; Mazie Hirono; Angus King; Amy Klobuchar; Edward Markey; Claire McCaskill; Jeff Merkley; Barbara Mikulski; Chris Murphy; Patty Murray; Gary Peters; Jack Reed; Harry Reid; Brian Schatz; Charles Schumer; Jeanne Shaheen; Debbie Stabenow; Elizabeth Warren; Sheldon Whitehouse; Ron Wyden,2,1,https://www.billtrack50.com/BillDetail/656454,billtrack50
MA,,H127,,Creating a means for tracking the unmet need of individuals with developmental disabilities in the Commonwealth of Massachusetts,Bill reported favorably by committee and referred to the committee on House Ways and Means,10/5/2015,James Arciero; Michael Brady; Paul Brodeur; Antonio Cabral; Gailanne Cariddi; Claire Cronin; Mark Cusack; James Eldridge; Sean Garballey; Denise Garlick; Anne Gobi; Kenneth Gordon; Steven Howitt; Louis Kafka; Barbara L'Italien; Timothy Madden; Paul McMurtry; Aaron Michlewitz; James Murphy; Sarah Peake; David Rogers; Tom Sannicandro; Todd Smola,8,1,https://www.billtrack50.com/BillDetail/615791,billtrack50
MA,,S83,,Creating a means for tracking the unmet need of individuals with developmental disabilities in the Commonwealth of Massachusetts,Accompanied H127,10/5/2015,James Arciero; Michael Brady; Claire Cronin; Mark Cusack; Marcos Devers; Sal DiDomenico; James Eldridge; Sean Garballey; Anne Gobi; John Keenan; John Keenan; Kay Khan; Barbara L'Italien; Joan Lovely; James Murphy; David Rogers; Todd Smola,7,1,https://www.billtrack50.com/BillDetail/635129,billtrack50
CA,,AB798,,College Textbook Affordability Act of 2015.,Chaptered by Secretary of State - Chapter 633; Statutes of 2015.,10/8/2015,Susan Bonilla,30,10,https://www.billtrack50.com/BillDetail/603915,billtrack50
IL,,SB1260,,INC TX-EDUCATION,Senate Committee Amendment No. 1 Pursuant to Senate Rule 3-9(b) / Referred to Assignments,10/10/2015,John Cullerton; Mattie Hunter; Michael Noland,17,1,https://www.billtrack50.com/BillDetail/591803,billtrack50
US,,HR1735,,National Defense Authorization Act for Fiscal Year 2016,Vetoed by President.,10/22/2015,Adam Smith; Mac Thornberry,433,6,https://www.billtrack50.com/BillDetail/633284,billtrack50
US,,S754,,Cybersecurity Information Sharing Act of 2015 Federal Cybersecurity Enhancement Act of 2015 Federal Cybersecurity Workforce Assessment Act of 2015  Short Titles as Reported to Senate: Cybersecurity Information Sharing Act of 2015,Held at the desk.,10/28/2015,Richard Burr,78,2,https://www.billtrack50.com/BillDetail/623760,billtrack50
US,,S1356,,National Defense Authorization Act for Fiscal Year 2016,Became Public Law No: 114-92. (TXT | PDF),11/25/2015,Benjamin Cardin; Ron Johnson; John McCain; Jon Tester,23,4,https://www.billtrack50.com/BillDetail/644898,billtrack50
US,,HR8,,North American Energy Security and Infrastructure Act of 2015,Received in the Senate and Read twice and referred to the Committee on Energy and Natural Resources.,12/7/2015,John Boehner; Fred Upton,171,3,https://www.billtrack50.com/BillDetail/532742,billtrack50
US,,S2411,,A bill to permit the Secretary of Homeland Security to search open source information to determine if an alien is inadmissible to the United States and for other purposes.,Read twice and referred to the Committee on the Judiciary.,12/17/2015,Jeff Flake; Martin Heinrich,1,1,https://www.billtrack50.com/BillDetail/665782,billtrack50
US,,HR2029,,Military Construction and Veterans Affairs and Related Agencies Appropriations Act; 2016,Became Public Law No: 114-113. (TXT | PDF),12/18/2015,Charlie Dent,239,6,https://www.billtrack50.com/BillDetail/638905,billtrack50
NY,,A02102,,Provides a maximum $200 tax credit for taxpayer expenses associated with the development of open source and free software license programs.,referred to ways and means,1/6/2016,Ellen Jaffee; Dan Quart; David Weprin,2,1,https://www.billtrack50.com/BillDetail/545964,billtrack50
AK,,SB152,,Money Services Business: Reqs; Licensing;,REFERRED TO LABOR & COMMERCE,1/21/2016,,5,1,https://www.billtrack50.com/BillDetail/688637,billtrack50
MA,,S1986,,Relative to innovative communities,Committee recommended ought to pass and referred to the committee on House Ways and Means,2/4/2016,,4,1,https://www.billtrack50.com/BillDetail/653877,billtrack50
US,,HR757,,North Korea Sanctions Enforcement Act of 2016,Became Public Law No: 114-122. (TXT | PDF),2/18/2016,Michael Bishop; Charles Boustany; Gerry Connolly; Paul Cook; Rodney Davis; Scott DesJarlais; Robert Dold; Tammy Duckworth; Renee Ellmers; Eliot Engel; Tulsi Gabbard; Chris Gibson; Frank Guinta; Brett Guthrie; Alcee Hastings; Joe Heck; Steve Israel; Sam Johnson; William Keating; John Kline; Ted Lieu; Thomas MacArthur; Collin Peterson; Ted Poe; Mike Pompeo; Dave Reichert; Reid Ribble; Ileana Ros-Lehtinen; Lucille Roybal-Allard; Ed Royce; Matthew Salmon; Loretta Sanchez; Austin Scott; Brad Sherman; Adam Smith; Chris Stewart; Marc Veasey; Rob Woodall,40,6,https://www.billtrack50.com/BillDetail/578813,billtrack50
MN,,HF2499,,State college and university bookstores required to provide a policy of price-matching; University of Minnesota requested to provide a policy of price-matching at bookstores operated in its facilities; and performance goal related to textbook cost reduction enacted.,Introduction and first reading; referred to Higher Education Policy and Finance,3/8/2016,Paul Thissen,1,1,https://www.billtrack50.com/BillDetail/705051,billtrack50
MA,,H4060,,Resolve establishing a special commission relative to reducing the costs associated with the purchase of college textbooks,Resolve reported favorably by committee and referred to the Joint Committee on Rules of the two branches; acting concurrently,3/10/2016,,3,1,https://www.billtrack50.com/BillDetail/728774,billtrack50
WA,,HB2686,,Making the cost of textbooks and other college course materials more affordable.,By resolution; reintroduced and retained in present status.,3/10/2016,Steve Bergquist; Jessyn Farrell; Christine Kilduff; Chad Magendanz; Timm Ormsby; Liz Pike; Gerald Pollet; JD Rossetti; Sharon Santos; Derek Stanford; Pat Sullivan; Brady Walkinshaw; Hans Zeiger,9,2,https://www.billtrack50.com/BillDetail/686371,billtrack50
WA,,HB2780,,Making higher education more affordable by providing incentives for the use of open source instructional materials.,By resolution; reintroduced and retained in present status.,3/10/2016,Steve Bergquist; Mark Hargrove; Teri Hickel; Christine Kilduff; Melanie Stambaugh; Jesse Young; Hans Zeiger,8,1,https://www.billtrack50.com/BillDetail/686373,billtrack50
WA,,SB5076,,Making 2015 supplemental operating appropriations.,By resolution; reintroduced and retained in present status.,3/10/2016,James Hargrove; Andy Hill,6,1,https://www.billtrack50.com/BillDetail/539326,billtrack50
MN,,SF2719,,Minnesota State Colleges and Universities (MnSCU) and University of Minnesota (U of M) bookstores price-matching policies requirement; performance goal for cost reduction,Referred to Higher Education and Workforce Development,3/14/2016,Kent Eken; Foung Hawj; Vicki Jensen; Matt Schmit; Kathy Sheran,2,1,https://www.billtrack50.com/BillDetail/728052,billtrack50
US,,HR4731,,Refugee Program Integrity Restoration Act of 2016,Ordered to be Reported (Amended) by the Yeas and Nays: 18 - 9.,3/16/2016,Brian Babin; David Brat; Mo Brooks; Michael Burgess; Jason Chaffetz; Doug Collins; Paul Cook; Kevin Cramer; Blake Farenthold; Bob Goodlatte; Trey Gowdy; Glenn Grothman; Joe Heck; Jeb Hensarling; Jim Jordan; Raul Labrador; Pete Olson; Ted Poe; John Ratcliffe; David Rouzer; David Schweikert; Austin Scott; Jim Sensenbrenner; Pete Sessions; Lamar Smith; Ryan Zinke,4,1,https://www.billtrack50.com/BillDetail/729091,billtrack50
MA,,S675,,Relative to open textbooks,Accompanied a study order; see S2214,4/7/2016,Brian Ashe; Leah Cole; Eileen Donoghue; Ryan Fattman; Paul Frost; Barbara L'Italien; Jason Lewis; Leonard Mirra; Michael Moore; Michael Rush; Chris Walsh,5,1,https://www.billtrack50.com/BillDetail/635999,billtrack50
AK,,HB271,,Money Services Business: Reqs; Licensing;,REFERRED TO RULES,4/12/2016,,9,2,https://www.billtrack50.com/BillDetail/684983,billtrack50
US,,HR4403,,Enhancing Overseas Traveler Vetting Act,Received in the Senate and Read twice and referred to the Committee on Foreign Relations.,4/14/2016,Will Hurd; John Katko; William Keating; Barry Loudermilk; Michael McCaul; Martha McSally; Donald Payne; John Ratcliffe; Loretta Sanchez; Brad Sherman; Kyrsten Sinema; Filemon Vela; Lee Zeldin,17,2,https://www.billtrack50.com/BillDetail/699426,billtrack50
VT,,HCR365,,House concurrent resolution congratulating Windsor public schools’ student winners of the 2016 State Science Fair,Adopted in concurrence per Joint Rule 16b,4/29/2016,John Bartholomew; Donna Sweaney,2,2,https://www.billtrack50.com/BillDetail/750135,billtrack50
NY,,S07768,,Relates to the procurement and use of Open Source Initiative approved open source license by state agencies.,REFERRED TO FINANCE,5/12/2016,Daniel Squadron,1,1,https://www.billtrack50.com/BillDetail/742189,billtrack50
US,,S2937,,An original bill to authorize appropriations for the Department of State for fiscal year 2017; and for other purposes.,Placed on Senate Legislative Calendar under General Orders. Calendar No. 468.,5/17/2016,Bob Corker,2,1,https://www.billtrack50.com/BillDetail/743205,billtrack50
MA,,S2305,,Text of the Senate amendment to the House Bill making appropriations for the fiscal year 2017 for the maintenance of the departments; boards; commissions; institutions and certain activities of the commonwealth; for interest; sinking fund and serial bond requirements and for certain permanent improvements (House; No. 4201),See H4201,5/26/2016,,2,1,https://www.billtrack50.com/BillDetail/745148,billtrack50
KS,,HB2659,,Voting machines; requirements; audits.,House Died in Committee,6/1/2016,,3,1,https://www.billtrack50.com/BillDetail/708980,billtrack50
NY,,S00161,,Provides a maximum $200 tax credit for taxpayer expenses associated with the development of open source and free software license programs.,REPORTED AND COMMITTED TO FINANCE,6/2/2016,Ruth Hassell-Thompson; Daniel Squadron,3,1,https://www.billtrack50.com/BillDetail/529488,billtrack50
CA,,AB1602,,Education.,Chaptered by Secretary of State - Chapter 24; Statutes of 2016.,6/27/2016,Travis Allen; Frank Bigelow; Richard Bloom; Rob Bonta; Nora Campos; Rocky Chavez; David Chiu; Jim Cooper; Richard Gordon; Shannon Grove; Matthew Harper; Chris Holden; Jacqui Irwin; Reginald Jones-Sawyer; Young Kim; Tom Lackey; Kevin McCarty; Melissa Melendez; Kevin Mullin; Adrin Nazarian; Patrick O'Donnell; Jay Obernolte; James Patterson; Freddie Rodriguez; Tony Thurmond; Philip Ting; Shirley Weber; Scott Wilk; Das Williams,20,5,https://www.billtrack50.com/BillDetail/674355,billtrack50
CA,,SB833,,Health.,Chaptered by Secretary of State. Chapter 30; Statutes of 2016.,6/27/2016,,17,5,https://www.billtrack50.com/BillDetail/674339,billtrack50
MA,,H4201,,Making appropriations for the fiscal year 2017 for the maintenance of the departments; boards; commissions; institutions and certain activities of the Commonwealth; for interest; sinking fund and serial bond requirements and for certain permanent improvements,Reported; in part; by H4451,6/29/2016,,20,1,https://www.billtrack50.com/BillDetail/740479,billtrack50
MA,,S2422,,Relative to job creation; workforce development and infrastructure investment,See H4483,7/14/2016,,8,1,https://www.billtrack50.com/BillDetail/748115,billtrack50
MA,,S2423,,Relative to job creation; workforce development and infrastructure investment,See H4483,7/14/2016,,186,1,https://www.billtrack50.com/BillDetail/748217,billtrack50
MA,,S2435,,Relative to job creation; workforce development and infrastructure investment,See H4483,7/14/2016,,2,1,https://www.billtrack50.com/BillDetail/748693,billtrack50
MA,,H4483,,Relative to job creation; workforce development and infrastructure investment,Reported by H4569,7/31/2016,,24,1,https://www.billtrack50.com/BillDetail/748126,billtrack50
MA,,H4569,,Relative to job creation and workforce development,Referred to the committee on House Ways and Means,8/11/2016,,17,1,https://www.billtrack50.com/BillDetail/748876,billtrack50
US,,S2012,,North American Energy Security and Infrastructure Act of 2016,House Subcommittee on Energy and Power Hearing (09:30 9/8/2016 106 DSOB),9/8/2016,Lisa Murkowski,241,3,https://www.billtrack50.com/BillDetail/655197,billtrack50
CA,,AB1755,,The Open and Transparent Water Data Act.,Chaptered by Secretary of State - Chapter 506; Statutes of 2016.,9/23/2016,Bill Dodd,36,8,https://www.billtrack50.com/BillDetail/700303,billtrack50
CA,,AB575,,Instructional materials: followup adoptions.,Chaptered by Secretary of State - Chapter 550; Statutes of 2016.,9/24/2016,Toni Atkins; Patrick O'Donnell,39,11,https://www.billtrack50.com/BillDetail/599827,billtrack50
US,,HR4945,,American Space Renaissance Act,Referred to the Subcommittee on Space.,9/30/2016,James Bridenstine; Doug Lamborn,15,1,https://www.billtrack50.com/BillDetail/737633,billtrack50
US,,HR5131,,VOTE Act of 2016 Verifying Optimal Tools for Elections Act of 2016,Referred to the Subcommittee on Research and Technology.,9/30/2016,Julia Brownley; Steve Cohen; Lloyd Doggett; Raul Grijalva; Alcee Hastings; Sheila Jackson Lee; Hank Johnson; Ted Lieu; Chellie Pingree; Stacey Plaskett; Cedric Richmond; Adam Smith; Marc Veasey; Bonnie Watson Coleman,5,1,https://www.billtrack50.com/BillDetail/739872,billtrack50
US,,S1869,,A bill to improve federal network security and authorize and enhance an existing intrusion detection and prevention system for civilian federal networks.,Placed on Senate Legislative Calendar under General Orders. Calendar No. 673.,11/17/2016,Thomas Carper; Ron Johnson,4,2,https://www.billtrack50.com/BillDetail/652765,billtrack50
CA,,AB1605,,Health.,Died on Senate inactive file.,11/30/2016,Travis Allen; Frank Bigelow; Richard Bloom; Rob Bonta; Nora Campos; Rocky Chavez; David Chiu; Jim Cooper; Richard Gordon; Shannon Grove; Matthew Harper; Chris Holden; Jacqui Irwin; Reginald Jones-Sawyer; Young Kim; Tom Lackey; Kevin McCarty; Melissa Melendez; Kevin Mullin; Adrin Nazarian; Patrick O'Donnell; Jay Obernolte; James Patterson; Freddie Rodriguez; Tony Thurmond; Philip Ting; Shirley Weber; Scott Wilk; Das Williams,16,3,https://www.billtrack50.com/BillDetail/674400,billtrack50
CA,,SB1106,,Instructional materials: follow-up adoptions.,From Assembly without further action.,11/30/2016,Connie Leyva,23,2,https://www.billtrack50.com/BillDetail/715355,billtrack50
US,,HR5602,,To amend title 31; United States Code; to authorize the Secretary of the Treasury to include all funds when issuing certain geographic targeting orders; and for other purposes.,Message on Senate action sent to the House.,12/12/2016,Andy Barr; Keith Ellison; Mike Fitzpatrick; Bill Foster; Al Green; French Hill; Peter King; Stephen Lynch; Gregory Meeks; Robert Pittenger; Bruce Poliquin; Brad Sherman; Steve Stivers; Maxine Waters,24,3,https://www.billtrack50.com/BillDetail/747597,billtrack50
US,,S2943,,National Defense Authorization Act for Fiscal Year 2017,Signed by President.,12/23/2016,John McCain,138,3,https://www.billtrack50.com/BillDetail/743465,billtrack50
NY,,S00490,,Provides a maximum $200 tax credit for taxpayer expenses associated with the development of open source and free software license programs.,REFERRED TO INVESTIGATIONS AND GOVERNMENT OPERATIONS,1/4/2017,Daniel Squadron,1,1,https://www.billtrack50.com/BillDetail/761868,billtrack50
NY,,S00492,,Relates to the procurement and use of Open Source Initiative approved open source license by state agencies.,REFERRED TO FINANCE,1/4/2017,Daniel Squadron,1,1,https://www.billtrack50.com/BillDetail/761622,billtrack50
MN,,SF222,,Minnesota health plan; Minnesota health board; Minnesota health fund; office of health quality and planning; ombusdman for patient advocacy and auditor general for the Minnesota health plan creation and appropriation,Author added Klein,1/26/2017,Jeff Hayden; John Hoffman; Matt Klein,3,1,https://www.billtrack50.com/BillDetail/783877,billtrack50
HI,,SB1126,,Relating To Technology Development.,Referred to ETT; WAM.,1/27/2017,Brian Taniguchi,3,1,https://www.billtrack50.com/BillDetail/795724,billtrack50
OK,,SB540,,Public finance; exempting Department of Corrections from information technology requirements. Emergency.,Referred to Appr/Sub-Public Safety and Judiciary,2/7/2017,Ralph Shortey,4,1,https://www.billtrack50.com/BillDetail/790534,billtrack50
VA,,HJR954,,Commending Kurt O'Connor.,Bill text as passed House and Senate (HJ954ER),2/23/2017,John Bell; Jennifer Boysko,7,2,https://www.billtrack50.com/BillDetail/826210,billtrack50
VA,,HJR958,,Commending Gabriel Filippini.,Bill text as passed House and Senate (HJ958ER),2/23/2017,John Bell; Jennifer Boysko,7,2,https://www.billtrack50.com/BillDetail/826246,billtrack50
MN,,HF1809,,Competitive bids for providing online courses required.,Introduction and first reading; referred to Environment and Natural Resources Policy and Finance,2/27/2017,Jamie Becker-Finn; Steve Drazkowski; Rob Ecklund; Jim Nash; Mike Sundin,1,1,https://www.billtrack50.com/BillDetail/841318,billtrack50
US,,S495,,Medical Innovation Prize Fund Act,Read twice and referred to the Committee on Health; Education; Labor; and Pensions.,3/2/2017,Bernard Sanders,1,1,https://www.billtrack50.com/BillDetail/846680,billtrack50
MN,,SF1766,,Online hunter education and safety course competitive bids requirement,Referred to Environment and Natural Resources Policy and Legacy Finance,3/6/2017,Kari Dziedzic; David Tomassoni; Bill Weber,2,1,https://www.billtrack50.com/BillDetail/847128,billtrack50
NM,,SB189,,Health Info Exchange Liability & Planning,Senate Finance Committee (00:00 3/8/2017 Room 325),3/8/2017,Linda Lopez; Cisco McSorley; Howie Morales; Gerald Ortiz y Pino; Michael Padilla; Mary Papen; Nancy Rodriguez; William Soules; Elizabeth Stefanics; Jeff Steinborn; Mimi Stewart; Bill Tallman,11,1,https://www.billtrack50.com/BillDetail/797516,billtrack50
MN,,HF488,,Health care availability and affordability for every Minnesotan guaranteed; Minnesota Health Plan; Minnesota Health Board; Minnesota Health Fund; Office of Health Quality and Planning; ombudsman for patient advocacy; and auditor general for the Minnesota Heath Plan established; 1332 waiver requested; rulemaking authorized; and money appropriated.,Author added Wagenius.,3/23/2017,Jon Applebaum; David Bly; Karen Clark; Alice Hausman; Frank Hornstein; Sheldon Johnson; Mary Kunesh-Podein; John Lesch; Jason Metsa; Erin Murphy; Mary Murphy; Julie Sandstede; Paul Thissen; Jean Wagenius,3,1,https://www.billtrack50.com/BillDetail/799025,billtrack50
OK,,SB458,,Public finance; agencies subject to certain information technology requirements; requiring special audit.,Coauthored by Senator Pittman,3/28/2017,Leslie Osborn; Anastasia Pittman; Roger Thompson,13,3,https://www.billtrack50.com/BillDetail/785309,billtrack50
OK,,SB458,,Public finance; agencies subject to certain information technology requirements; requiring special audit.,Coauthored by Senator Pittman,3/28/2017,Leslie Osborn; Anastasia Pittman; Roger Thompson,10,3,https://www.billtrack50.com/BillDetail/905544,billtrack50
US,,S771,,Improving Access To Affordable Prescription Drugs Act,Read twice and referred to the Committee on Finance.,3/29/2017,Tammy Baldwin; Richard Blumenthal; Cory Booker; Sherrod Brown; Richard Durbin; Al Franken; Kirsten Gillibrand; Maggie Hassan; Amy Klobuchar; Jeff Merkley; Jack Reed; Bernard Sanders; Tom Udall; Chris Van Hollen; Elizabeth Warren; Sheldon Whitehouse,1,1,https://www.billtrack50.com/BillDetail/865544,billtrack50
US,,HR1776,,Improving Access To Affordable Prescription Drugs Act,Referred to the Subcommittee on Health.,4/5/2017,Nanette Barragan; Judy Chu; Steve Cohen; John Conyers; Elijah Cummings; Peter DeFazio; Rosa DeLauro; Keith Ellison; Raul Grijalva; Pramila Jayapal; Betty McCollum; Richard Nolan; Collin Peterson; Chellie Pingree; Mark Pocan; Bobby Rush; Tim Ryan; Jan Schakowsky; Carol Shea-Porter; Pete Visclosky; Peter Welch,7,1,https://www.billtrack50.com/BillDetail/865546,billtrack50
TX,,HB413,,Relating to increased flexibility in the use of the Instructional Materials Allotment,Left pending in committee,4/18/2017,Diego Bernal,9,1,https://www.billtrack50.com/BillDetail/754300,billtrack50
HI,,HB1329,,Relating To Technology Development.,Conference Committee Meeting (13:30 4/25/2017 Conference Room 423),4/25/2017,Thomas Brower; Jarrett Keohokalole; Mark Nakashima; Scott Nishimoto; Scott Saiki; Chris Todd; Kyle Yamashita,40,3,https://www.billtrack50.com/BillDetail/796089,billtrack50
TX,,HB3487,,Relating to the creation of an instructional materials web portal by the commissioner of education.,Withdrawn from schedule,4/25/2017,Dan Huberty,6,1,https://www.billtrack50.com/BillDetail/852423,billtrack50
NC,,H917,,Establish Bd of Postsecondary Ed. Credentials,Ref To Com On Appropriations,4/26/2017,Hugh Blackwell; John Fraley; Frank Iler; Robert Steinburg,3,2,https://www.billtrack50.com/BillDetail/872974,billtrack50
US,,HR1989,,VET TEC Act Veteran Employment Through Technology Education Courses Act,House Subcommittee on Economic Opportunity Hearing (10:00 4/26/2017 334 CHOB),4/26/2017,Jim Banks; Susan Brooks; Ken Calvert; Barbara Comstock; Ryan Costello; Rick Crawford; Daniel Donovan; Brian Fitzpatrick; Tulsi Gabbard; Brett Guthrie; Will Hurd; Walter Jones; Rohit Khanna; Stephen Knight; Doug LaMalfa; Doug Lamborn; Roger Marshall; Kevin McCarthy; Tom McClintock; Cathy McMorris Rodgers; Beto O'Rourke; Erik Paulsen; Hal Rogers; Ed Royce; Tim Ryan; Elise Stefanik; Steve Stivers; David Valadao; Greg Walden; Kevin Yoder; Theodore Yoho,4,1,https://www.billtrack50.com/BillDetail/868998,billtrack50
TX,,HB4140,,Relating to the instructional materials and technology allotment; open education resource instructional materials; and the State Board of Education long-range technology plan.,Committee report sent to Calendars,5/6/2017,Dwayne Bohac,15,2,https://www.billtrack50.com/BillDetail/855044,billtrack50
US,,HRes334,,Expressing the sense of the House of Representatives regarding grid modernization.,Referred to the Subcommittee on Energy.,5/19/2017,Bob Latta; Jerry McNerney,5,1,https://www.billtrack50.com/BillDetail/879258,billtrack50
TX,,SB1481,,Relating to the instructional materials and technology allotment; open education resource instructional materials; and the State Board of Education long-range technology plan.,Placed on General State Calendar,5/23/2017,Dwayne Bohac; Donna Howard; Larry Taylor,37,4,https://www.billtrack50.com/BillDetail/852487,billtrack50
TX,,SB1484,,Relating to the creation of an instructional materials web portal by the commissioner of education.,Returned to Local & Consent Calendars Comm.,5/24/2017,Sylvia Garcia; Dan Huberty; Larry Taylor,43,4,https://www.billtrack50.com/BillDetail/852339,billtrack50
MD,,SB424,,The Textbook Cost Savings Act of 2017,Approved by the Governor - Chapter 763,5/25/2017,Joanne Benson; Bob Cassilly; Joan Conway; Ulysses Currie; Brian Feldman; Bill Ferguson; Guy Guzzone; Cheryl Kagan; Delores Kelley; Katherine Klausmeier; Susan Lee; Richard Madaleno; Roger Manno; Nathaniel McFadden; Douglas Peters; Victor Ramirez; Barbara Robinson; James Rosapepe; Andrew Serafini; Will Smith; Ronald Young; Craig Zucker,19,4,https://www.billtrack50.com/BillDetail/799493,billtrack50
US,,S1258,,PRIDE Act Police Reporting Information; Data; and Evidence Act of 2017,Read twice and referred to the Committee on the Judiciary.,5/25/2017,Cory Booker; Chris Van Hollen,1,1,https://www.billtrack50.com/BillDetail/881223,billtrack50
ME,,LD1603,,An Act To Provide Flexibility for Education Technology Programs in Maine Schools,Placed in Legislative Files (DEAD),6/6/2017,Karen Gerrish,14,1,https://www.billtrack50.com/BillDetail/877990,billtrack50
OK,,SB105,,State information technology; modifying duties of Chief Information Officer. Effective date. Emergency.,Approved by Governor 06/06/2017,6/6/2017,Leslie Osborn; Roger Thompson,42,9,https://www.billtrack50.com/BillDetail/776455,billtrack50
OK,,SB105,,State information technology; modifying duties of Chief Information Officer. Effective date. Emergency.,Approved by Governor 06/06/2017,6/6/2017,Leslie Osborn; Roger Thompson,38,9,https://www.billtrack50.com/BillDetail/904012,billtrack50
TX,,SB810,,Relating to the purchase and use of open educational resources.,Effective immediately,6/9/2017,Donna Howard; Lois Kolkhorst; Larry Taylor; Royce West,69,5,https://www.billtrack50.com/BillDetail/820200,billtrack50
TX,,HB3526,,Relating to instructional materials and technology for public schools.,Effective immediately,6/12/2017,Donna Howard; Larry Taylor,78,5,https://www.billtrack50.com/BillDetail/853130,billtrack50
TX,,SB1784,,Relating to open-source instructional material for public schools.,Effective immediately,6/15/2017,Dan Huberty; Larry Taylor,75,5,https://www.billtrack50.com/BillDetail/853685,billtrack50
US,,S1277,,VET TEC Act of 2017 Veteran Employment Through Technology Education Courses Act of 2017,Committee on Veterans' Affairs. Hearings held.,6/15/2017,John Boozman; Shelley Capito; John Cornyn; Dean Heller; Bill Nelson; James Risch,3,1,https://www.billtrack50.com/BillDetail/881057,billtrack50
US,,HR2627,,Enhancing Overseas Traveler Vetting Act,Referred to the Subcommittee on Terrorism; Nonproliferation; and Trade.,6/27/2017,Will Hurd; John Katko; Michael McCaul; Elise Stefanik; Filemon Vela,6,1,https://www.billtrack50.com/BillDetail/880749,billtrack50
US,,S1443,,Department of Defense Software Management Improvement Act of 2017,Read twice and referred to the Committee on Armed Services.,6/27/2017,Mike Rounds,1,1,https://www.billtrack50.com/BillDetail/885666,billtrack50
IL,,HJR0025,,BLOCKCHAIN TASK FORCE,Adopted Both Houses,6/28/2017,Neil Anderson; Daniel Biss; Keith Wheeler; Michael Zalewski,44,3,https://www.billtrack50.com/BillDetail/816880,billtrack50
US,,HR3100,,To require the President to develop a national strategy for combating the financing of terrorism and related forms of illicit finance; and for other purposes.,Referred to the House Committee on Financial Services.,6/28/2017,Sanford Bishop; Ted Budd; Lou Correa; Jim Costa; Charles Crist; Henry Cuellar; John Delaney; Vicente Gonzalez; Josh Gottheimer; Hakeem Jeffries; Dan Kildee; Daniel Lipinski; Stephen Lynch; Carolyn Maloney; Patrick Meehan; Luke Messer; Stephanie Murphy; Tom O'Halleran; Dennis Ross; Bradley Schneider; Austin Scott; Brad Sherman; Kyrsten Sinema; Steve Stivers; Mike Thompson,2,1,https://www.billtrack50.com/BillDetail/885797,billtrack50
US,,S722,,Countering Iran's Destabilizing Activities Act of 2017,Senate requests return of papers with respect to S. 722 by Unanimous Consent.,6/29/2017,Lamar Alexander; Michael Bennet; Richard Blumenthal; Roy Blunt; Cory Booker; John Boozman; Richard Burr; Maria Cantwell; Shelley Capito; Benjamin Cardin; Robert Casey; Bill Cassidy; Susan Collins; Christopher Coons; Bob Corker; John Cornyn; Tom Cotton; Mike Crapo; Ted Cruz; Steven Daines; Joe Donnelly; Joni Ernst; Deb Fischer; Jeff Flake; Cory Gardner; Chuck Grassley; Kamala Harris; Orrin Hatch; Heidi Heitkamp; Dean Heller; John Hoeven; James Inhofe; Timothy Kaine; John Kennedy; Angus King; Amy Klobuchar; Mike Lee; Joseph Manchin; John McCain; Claire McCaskill; Robert Menendez; Jerry Moran; Lisa Murkowski; Bill Nelson; David Perdue; Gary Peters; Robert Portman; James Risch; Pat Roberts; Mike Rounds; Marco Rubio; Benjamin Sasse; Charles Schumer; Tim Scott; Debbie Stabenow; Luther Strange; Daniel Sullivan; Jon Tester; Thom Tillis; Patrick Toomey; Chris Van Hollen; Mark Warner; Roger Wicker; Ron Wyden; Todd Young,43,3,https://www.billtrack50.com/BillDetail/861986,billtrack50
ME,,LD390,,An Act Making Unified Appropriations and Allocations for the Expenditures of State Government; General Fund and Other Funds and Changing Certain Provisions of the Law Necessary to the Proper Operations of State Government for the Fiscal Years Ending June 30; 2018 and June 30; 2019,Roll Call Ordered Roll Call Number 396 Yeas 35 - Nays 0 - Excused 0 - Absent 0,7/4/2017,Catherine Breen; Andrew Gattine; James Hamper; Tom Winsor,151,6,https://www.billtrack50.com/BillDetail/806750,billtrack50
US,,HR2676,,PRIDE Act Police Reporting Information; Data; and Evidence Act of 2017,Referred to the Subcommittee on Crime; Terrorism; Homeland Security; And Investigations.,7/11/2017,Joaquin Castro; Steve Cohen; Hank Johnson; Jamie Raskin,3,1,https://www.billtrack50.com/BillDetail/881036,billtrack50
US,,S1279,,Veterans Health Administration Reform Act of 2017,Committee on Veterans' Affairs. Hearings held.,7/11/2017,Mike Crapo; James Risch,3,1,https://www.billtrack50.com/BillDetail/881060,billtrack50
MA,,H2005,,Relative to innovative communities,Joint Committee on Economic Development and Emerging Technologies Hearing (10:30 7/18/2017 A-2),7/18/2017,Ann-Margaret Ferrante,4,1,https://www.billtrack50.com/BillDetail/851186,billtrack50
MA,,S197,,Relative to innovative communities,Joint Committee on Economic Development and Emerging Technologies Hearing (10:30 7/18/2017 A-2),7/18/2017,Eric Lesser; Karen Spilka,4,1,https://www.billtrack50.com/BillDetail/835185,billtrack50
US,,HR3203,,Countering Iran's Destabilizing Activities Act of 2017,Referred to the Subcommittee on Trade.,7/24/2017,Eliot Engel; Steny Hoyer; Nancy Pelosi,10,1,https://www.billtrack50.com/BillDetail/886765,billtrack50
US,,HR3321,,National Strategy for Combating Terrorist; Underground; and Other Illicit Financing Act,House Committee on Financial Services Hearing (10:00 7/25/2017 2128 RHOB),7/25/2017,Ted Budd; Steve Pearce; Kyrsten Sinema,3,1,https://www.billtrack50.com/BillDetail/887533,billtrack50
US,,HR3364,,Countering America's Adversaries Through Sanctions Act,Became Public Law No: 115-44. (TXT | PDF),8/2/2017,Steve Cohen; Eliot Engel; Steny Hoyer; Kevin McCarthy; Ed Royce; Chris Smith,26,3,https://www.billtrack50.com/BillDetail/887812,billtrack50
US,,S1598,,Harry W. Colmery Veterans Educational Assistance Act of 2017,Placed on Senate Legislative Calendar under General Orders. Calendar No. 200.,8/2/2017,Tammy Baldwin; Richard Blumenthal; Roy Blunt; John Boozman; Sherrod Brown; Maria Cantwell; Shelley Capito; Benjamin Cardin; Robert Casey; Bill Cassidy; Thad Cochran; Susan Collins; Christopher Coons; John Cornyn; Catherine Cortez-Masto; Mike Crapo; Steven Daines; Joe Donnelly; Tammy Duckworth; Dianne Feinstein; Deb Fischer; Al Franken; Kirsten Gillibrand; Lindsey Graham; Chuck Grassley; Maggie Hassan; Martin Heinrich; Heidi Heitkamp; Dean Heller; Mazie Hirono; James Inhofe; Johnny Isakson; Timothy Kaine; John Kennedy; Amy Klobuchar; Joseph Manchin; Edward Markey; John McCain; Claire McCaskill; Robert Menendez; Jeff Merkley; Jerry Moran; Lisa Murkowski; Patty Murray; Bill Nelson; Gary Peters; Jack Reed; Pat Roberts; Mike Rounds; Marco Rubio; Charles Schumer; Jeanne Shaheen; Debbie Stabenow; Luther Strange; Daniel Sullivan; Jon Tester; John Thune; Thom Tillis; Tom Udall; Chris Van Hollen; Mark Warner; Elizabeth Warren; Sheldon Whitehouse; Roger Wicker,6,2,https://www.billtrack50.com/BillDetail/887568,billtrack50
US,,HR3218,,Harry W. Colmery Veterans Educational Assistance Act of 2017,Became Public Law No: 115-48. (TXT | PDF),8/16/2017,Jodey Arrington; Jim Banks; Joyce Beatty; Ami Bera; John Bergman; Donald Beyer; Gus Bilirakis; Michael Bishop; Sanford Bishop; Madeleine Bordallo; Mike Bost; Brendan Boyle; Robert Brady; Susan Brooks; Anthony Brown; Julia Brownley; Cheri Bustos; G.K. Butterfield; Ken Calvert; Salud Carbajal; Andre Carson; Kathy Castor; Joaquin Castro; David Cicilline; Mike Coffman; Paul Cook; Lou Correa; Jim Costa; Ryan Costello; Joe Courtney; Henry Cuellar; Susan Davis; Peter DeFazio; Diana DeGette; Valdez Demings; Deborah Dingell; Neal Dunn; Keith Ellison; Anna Eshoo; Elizabeth Esty; Brian Fitzpatrick; Tulsi Gabbard; Jenniffer Gonzalez Colon; Josh Gottheimer; Gene Green; Raul Grijalva; Colleen Hanabusa; Dennis Heck; Brian Higgins; Clay Higgins; Will Hurd; Darrell Issa; Pramila Jayapal; Rohit Khanna; Dan Kildee; Derek Kilmer; Ron Kind; Peter King; Raja Krishnamoorthi; Raul Labrador; Daniel Lipinski; Alan Lowenthal; Michelle Lujan Grisham; Doris Matsui; Kevin McCarthy; David McKinley; Ann McLane Kuster; Luke Messer; Seth Moulton; Markwayne Mullin; Stephanie Murphy; Jerrold Nadler; Grace Napolitano; Eleanor Norton; Tom O'Halleran; Beto O'Rourke; Steven Palazzo; Jimmy Panetta; Bill Pascrell; Nancy Pelosi; Ed Perlmutter; Scott Peters; Collin Peterson; Bruce Poliquin; Jared Polis; Bill Posey; Aumua Radewagen; Jamie Raskin; Kathleen Rice; Cedric Richmond; Phil Roe; Jacklyn Rosen; Bobby Rush; John Rutherford; Tim Ryan; Gregorio Sablan; Bradley Schneider; Kurt Schrader; Bobby Scott; Carol Shea-Porter; Brad Sherman; Kyrsten Sinema; Louise Slaughter; Chris Smith; Lloyd Smucker; Thomas Suozzi; Mark Takano; Mike Thompson; Dina Titus; Niki Tsongas; Juan Vargas; Marc Veasey; Nydia Velazquez; Tim Walberg; Jackie Walorski; Tim Walz; Debbie Wasserman Schultz; Brad Wenstrup; Rob Wittman; John Yarmuth; David Young; Lee Zeldin,26,4,https://www.billtrack50.com/BillDetail/886888,billtrack50
US,,S1757,,Building America's Trust Act,Read the second time. Placed on Senate Legislative Calendar under General Orders. Calendar No. 208.,9/5/2017,John Barrasso; John Cornyn; Dean Heller; James Inhofe; Ron Johnson; James Lankford; Tim Scott; Thom Tillis; Roger Wicker,2,1,https://www.billtrack50.com/BillDetail/888776,billtrack50
US,,HR3591,,American Hope Act of 2017,Referred to the Subcommittee on Immigration And Border Security.,9/6/2017,Alma Adams; Peter Aguilar; Nanette Barragan; Karen Bass; Ami Bera; Donald Beyer; Sanford Bishop; Earl Blumenauer; Suzanne Bonamici; Brendan Boyle; Anthony Brown; Julia Brownley; G.K. Butterfield; Michael Capuano; Salud Carbajal; Tony Cardenas; Andre Carson; Kathy Castor; Joaquin Castro; Judy Chu; David Cicilline; Katherine Clark; Yvette Clarke; Lacy Clay; Emanuel Cleaver; James Clyburn; Steve Cohen; Gerry Connolly; John Conyers; Lou Correa; Jim Costa; Joe Courtney; Charles Crist; Joseph Crowley; Elijah Cummings; Danny Davis; Susan Davis; Peter DeFazio; Diana DeGette; John Delaney; Rosa DeLauro; Suzan DelBene; Mark DeSaulnier; Ted Deutch; Deborah Dingell; Lloyd Doggett; Keith Ellison; Eliot Engel; Anna Eshoo; Adriano Espaillat; Dwight Evans; Bill Foster; Lois Frankel; Marcia Fudge; Ruben Gallego; John Garamendi; Jimmy Gomez; Vicente Gonzalez; Al Green; Gene Green; Raul Grijalva; Luis Gutierrez; Colleen Hanabusa; Alcee Hastings; Dennis Heck; Steny Hoyer; Jared Huffman; Sheila Jackson Lee; Pramila Jayapal; Hakeem Jeffries; Hank Johnson; Marcy Kaptur; Robin Kelly; Joseph Kennedy; Rohit Khanna; Ruben Kihuen; Raja Krishnamoorthi; Jim Langevin; Rick Larsen; John Larson; Brenda Lawrence; Barbara Lee; Sandy Levin; John Lewis; Ted Lieu; Zoe Lofgren; Alan Lowenthal; Nita Lowey; Ben Lujan; Michelle Lujan Grisham; Carolyn Maloney; Sean Maloney; Doris Matsui; Betty McCollum; A. Donald McEachin; Jim McGovern; Ann McLane Kuster; Jerry McNerney; Gregory Meeks; Grace Meng; Gwen Moore; Seth Moulton; Jerrold Nadler; Grace Napolitano; Richard Nolan; Eleanor Norton; Tom O'Halleran; Frank Pallone; Jimmy Panetta; Donald Payne; Nancy Pelosi; Ed Perlmutter; Chellie Pingree; Mark Pocan; Jared Polis; David Price; Mike Quigley; Jamie Raskin; Kathleen Rice; Jacklyn Rosen; Lucille Roybal-Allard; Raul Ruiz; Dutch Ruppersberger; Bobby Rush; Tim Ryan; Gregorio Sablan; Linda Sanchez; John Sarbanes; Jan Schakowsky; Kurt Schrader; Bobby Scott; Jose Serrano; Terri Sewell; Carol Shea-Porter; Brad Sherman; Albio Sires; Louise Slaughter; Adam Smith; Darren Soto; Eric Swalwell; Mark Takano; Mike Thompson; Dina Titus; Paul Tonko; Norma Torres; Niki Tsongas; Juan Vargas; Marc Veasey; Filemon Vela; Nydia Velazquez; Tim Walz; Debbie Wasserman Schultz; Maxine Waters; Bonnie Watson Coleman; Peter Welch; Frederica Wilson; John Yarmuth,4,1,https://www.billtrack50.com/BillDetail/888281,billtrack50
US,,S1761,,Intelligence Authorization Act for Fiscal Year 2018,By Senator Burr from Select Committee on Intelligence filed written report. Report No. 115-151. Additional and Minority views filed.,9/7/2017,Richard Burr,3,1,https://www.billtrack50.com/BillDetail/889533,billtrack50
CA,,AB668,,Voting Modernization Bond Act of 2018.,Ordered to inactive file at the request of Senator Monning.,9/15/2017,David Chiu; Kansen Chu; Lorena Gonzalez; Robert Hertzberg,32,6,https://www.billtrack50.com/BillDetail/826159,billtrack50
US,,S1460,,Energy and Natural Resources Act of 2017,Committee on Energy and Natural Resources. Hearings held.,9/19/2017,Maria Cantwell; Lisa Murkowski,5,1,https://www.billtrack50.com/BillDetail/885776,billtrack50
IL,,HR0120,,BLOCKCHAIN TASK FORCE,Rule 19(b) / Re-referred to Rules Committee,9/28/2017,Michael Zalewski,13,1,https://www.billtrack50.com/BillDetail/816817,billtrack50
US,,HR3043,,Hydropower Policy Modernization Act of 2017,Received in the Senate and Read twice and referred to the Committee on Energy and Natural Resources.,11/9/2017,Cathy McMorris Rodgers,41,3,https://www.billtrack50.com/BillDetail/885375,billtrack50
MA,,S54,,Creating a means for tracking the unmet need of individuals with developmental disabilities in the Commonwealth,Bill reported favorably by committee and referred to the committee on Senate Ways and Means,11/15/2017,Diana Dizoglio; James Eldridge; Barbara L'Italien; Jack Lewis; Juana Matias; James Murphy; Angelo Scaccia,5,1,https://www.billtrack50.com/BillDetail/835867,billtrack50
US,,HR2874,,21st Century Flood Reform Act,Received in the Senate and Read twice and referred to the Committee on Banking; Housing; and Urban Affairs.,11/15/2017,Sean Duffy,23,3,https://www.billtrack50.com/BillDetail/883750,billtrack50
US,,HRes537,,Promoting United States national security and foreign policy objectives through consolidation and strengthening of the rule of law and respect for human rights in the Republic of Azerbaijan.,Referred to the Subcommittee on Europe; Eurasia; and Emerging Threats.,11/29/2017,Jim McGovern; Frank Pallone; Adam Schiff; Chris Smith,4,1,https://www.billtrack50.com/BillDetail/891673,billtrack50
HI,,SB1126,,Relating To Technology Development.,Carried over to 2018 Regular Session.,11/30/2017,Brian Taniguchi,4,1,https://www.billtrack50.com/BillDetail/907122,billtrack50
US,,HR4491,,Advancing International and Foreign Language Education Act,Referred to the House Committee on Education and the Workforce.,11/30/2017,Susan Davis; David Price; Bobby Scott,2,1,https://www.billtrack50.com/BillDetail/898147,billtrack50
MA,,H100,,Creating a means for tracking the unmet need of individuals with developmental disabilities in the Commonwealth of Massachusetts,Hearing scheduled for 12/05/17 from 12:00PM-5:00PM in B-1,12/5/2017,Michael Connolly; William Crocker; Diana Dizoglio; Sean Garballey; Natalie Higgins; Barbara L'Italien; Jack Lewis; Juana Matias; Denise Provost,4,1,https://www.billtrack50.com/BillDetail/840820,billtrack50
US,,S2192,,SECURE Act of 2017 Security; Enforcement; and Compassion United in Reform Efforts Act,Read the second time. Placed on Senate Legislative Calendar under General Orders. Calendar No. 275.,12/6/2017,John Cornyn; Tom Cotton; Chuck Grassley; James Lankford; David Perdue; Thom Tillis,2,1,https://www.billtrack50.com/BillDetail/899308,billtrack50
US,,HR2810,,National Defense Authorization Act for Fiscal Year 2018,Became Public Law No: 115-91.,12/12/2017,Adam Smith; Mac Thornberry,392,5,https://www.billtrack50.com/BillDetail/883087,billtrack50
US,,S2255,,Advancing International and Foreign Language Education Act,Read twice and referred to the Committee on Health; Education; Labor; and Pensions.,12/20/2017,Tammy Baldwin; Joe Donnelly; Robert Portman; Chris Van Hollen; Todd Young,1,1,https://www.billtrack50.com/BillDetail/902572,billtrack50
NY,,A04521,,Provides a maximum $200 tax credit for taxpayer expenses associated with the development of open source and free software license programs.,referred to ways and means,1/3/2018,Ellen Jaffee; Dan Quart; David Weprin,2,1,https://www.billtrack50.com/BillDetail/808360,billtrack50
NY,,A08296,,Enacts the college textbook affordability act; establishes the New York state open education resources council and the New York state open source digital library; authorizes SUNY campuses and community colleges to adopt open educational resources adoption incentive program campus plans and apply for grants to implement such plans; provides that settlements with the office of the attorney general shall be used to provide assistance to the state university of New York for the purposes of carrying ,REFERRED TO HIGHER EDUCATION,1/3/2018,Angelo Santabarbara,2,1,https://www.billtrack50.com/BillDetail/882730,billtrack50
WA,,HB1253,,Making higher education more affordable by providing incentives for the use of open source instructional materials.,By resolution; reintroduced and retained in present status.,1/8/2018,Steve Bergquist; Beth Doglio; Jessyn Farrell; Roger Goodman; Mark Hargrove; Christine Kilduff; John Lovick; Bob McCaslin; Dick Muri; Timm Ormsby; Lillian Ortiz-Self; Sharon Santos; Melanie Stambaugh; Gael Tarleton; Luanne Van Werven; Jesse Young,7,1,https://www.billtrack50.com/BillDetail/778396,billtrack50
WA,,SB5981,,Concerning the capital budget.,"Senate Rules ""X"" file.",1/8/2018,Jim Honeyford; Judith Warnick,5,1,https://www.billtrack50.com/BillDetail/887390,billtrack50
US,,HR4752,,Financial Technology Innovation and Defense Act,Referred to the House Committee on Financial Services.,1/10/2018,Ted Budd,2,1,https://www.billtrack50.com/BillDetail/917648,billtrack50
US,,S2290,,Wildfire Management Technology Advancement Act of 2018,Read twice and referred to the Committee on Energy and Natural Resources.,1/10/2018,Maria Cantwell; Cory Gardner,1,1,https://www.billtrack50.com/BillDetail/917640,billtrack50
HI,,HB1329,,Relating To Technology Development.,Received notice of all Senate conferees being discharged (Sen. Com. No. 1).,1/17/2018,Thomas Brower; Jarrett Keohokalole; Mark Nakashima; Scott Nishimoto; Scott Saiki; Chris Todd; Kyle Yamashita,43,3,https://www.billtrack50.com/BillDetail/908241,billtrack50
US,,S1519,,National Defense Authorization Act for Fiscal Year 2018,Motion to proceed to consideration of measure made in Senate. (CR S270),1/18/2018,John McCain,9,1,https://www.billtrack50.com/BillDetail/886380,billtrack50
WA,,SB6090,,Concerning the capital budget.,Chapter 2; 2018 Laws PV.,1/19/2018,Reuven Carlyle; Maralyn Chase; Jeannie Darneille; David Frockt; Jim Honeyford; Sam Hunt; Karen Keiser; Patty Kuderer; Marko Liias; John McCoy; Mark Mullet; Sharon Nelson; Guy Palumbo; Kevin Ranker; Christine Rolfes; Rebecca Saldana; Dean Takko; Kevin Van De Wege; Lisa Wellman,22,4,https://www.billtrack50.com/BillDetail/912117,billtrack50
US,,HR4760,,Securing America's Future Act of 2018,Referred to the Subcommittee on Immigration And Border Security.,1/24/2018,Ralph Abraham; Robert Aderholt; Jodey Arrington; Don Bacon; Jim Banks; Lou Barletta; Andy Barr; Joe Barton; Gus Bilirakis; Michael Bishop; Rob Bishop; Diane Black; Marsha Blackburn; David Brat; Kenneth Buck; Larry Bucshon; Ken Calvert; Buddy Carter; John Carter; Steve Chabot; Doug Collins; Kevin Cramer; Rick Crawford; John Culberson; Scott DesJarlais; Jeff Duncan; John Duncan; Ron Estes; Drew Ferguson; Bill Flores; Jeff Fortenberry; Bob Gibbs; Bob Goodlatte; Trey Gowdy; Kay Granger; Karen Handel; Andy Harris; Vicky Hartzler; Jeb Hensarling; Jody Hice; Clay Higgins; Richard Hudson; Duncan Hunter; Bill Johnson; Mike Kelly; Raul Labrador; Doug Lamborn; Billy Long; Barry Loudermilk; Blaine Luetkemeyer; Kenny Marchant; Tom Marino; Michael McCaul; Tom McClintock; David McKinley; Martha McSally; Mark Meadows; Luke Messer; Alex Mooney; Ralph Norman; Pete Olson; Steven Palazzo; Gary Palmer; Steve Pearce; Robert Pittenger; Ted Poe; Bill Posey; Tom Rice; Martha Roby; Phil Roe; Hal Rogers; Todd Rokita; Francis Rooney; Keith Rothfus; David Rouzer; John Rutherford; Mark Sanford; Steve Scalise; David Schweikert; Jim Sensenbrenner; Pete Sessions; Lamar Smith; Lloyd Smucker; Steve Stivers; Claudia Tenney; Glenn Thompson; Ann Wagner; Tim Walberg; Mark Walker; Randy Weber; Brad Wenstrup; Bruce Westerman; Roger Williams; Joe Wilson; Theodore Yoho,19,1,https://www.billtrack50.com/BillDetail/917625,billtrack50
WA,,HB1075,,Concerning the capital budget.,"House Rules ""X"" file.",1/24/2018,Steve Tharinger,27,4,https://www.billtrack50.com/BillDetail/767235,billtrack50
MS,,HB1429,,MS Statewide Open Source Software Law; create to incentivize development of software at colleges for use by state agencies.,Died In Committee,1/30/2018,John Lamar,2,1,https://www.billtrack50.com/BillDetail/924987,billtrack50
AK,,HB180,,Money Services Business: Reqs; Licensing;,REFERRED TO JUDICIARY,1/31/2018,Zach Fansler; Sam Kito,9,1,https://www.billtrack50.com/BillDetail/856968,billtrack50
MA,,H1829,,To promote the safe integration of autonomous vehicles into the transportation system of the Commonwealth,Senate concurred,2/7/2018,Eileen Donoghue; Tricia Farley-Bouvier; Carmine Gentile; Solomon Goldstein-Rose; Kenneth Gordon; Jonathan Hecht; Paul Heroux; Natalie Higgins; Jason Lewis; Joan Lovely; Michael Moore; Denise Provost; David Rogers; Daniel Ryan; Frank Smizik; Jose Tosado; RoseLee Vincent; Chris Walsh,6,1,https://www.billtrack50.com/BillDetail/841058,billtrack50
MA,,S1945,,To promote the safe integration of autonomous vehicles into the transportation system of the Commonwealth,Senate concurred,2/7/2018,Eileen Donoghue; Michelle DuBois; James Eldridge; Carmine Gentile; Paul Heroux; Jason Lewis; Joan Lovely; Michael Moore; Denise Provost; Daniel Ryan; Steven Ultrino; Chris Walsh,6,1,https://www.billtrack50.com/BillDetail/837200,billtrack50
MA,,S2169,,Resolve establishing a special commission relative to reducing costs associated with the purchase of college textbooks,Discharged to the committee on Senate Rules,2/7/2018,,4,1,https://www.billtrack50.com/BillDetail/892044,billtrack50
VA,,HJR176,,Celebrating the life of Captain Howard Todd Kauderer; USN; Ret.,Agreed to by Senate,2/8/2018,,6,1,https://www.billtrack50.com/BillDetail/939079,billtrack50
VA,,HJR153,,State recordkeeping; etc.; joint subcommittee to study implementation of blockchain technology.,Left in Rules,2/13/2018,Glenn Davis; Nicholas Freitas,4,1,https://www.billtrack50.com/BillDetail/933450,billtrack50
HI,,SB2902,,Relating To Technology Development.,Report adopted; Passed Second Reading; as amended (SD 1) and referred to WAM.,2/14/2018,Rosalyn Baker; Stanley Chang; J. Kalani English; Mike Gabbard; Breene Harimoto; Les Ihara; Lorraine Inouye; Gilbert Keith-Agaran; Clarence Nishihara; Karl Rhoads; Brian Taniguchi; Glenn Wakai,8,2,https://www.billtrack50.com/BillDetail/932414,billtrack50
NH,,HB1622,,Relative to organization of the department of information technology.,Committee Report: Ought to Pass with Amendment # 2018-0192h for 02/22/2018 (Vote 14-0; Consent Calendar) House Calendar 7 P. 9,2/14/2018,Sharon Carson; Daniel Eaton; Tracy Emerick; Lynne Ober; John Reagan,5,1,https://www.billtrack50.com/BillDetail/896028,billtrack50
OK,,HB3054,,Public finance; Information Technology Consolidation and Coordination Act; modifying definitions; exempting certain agencies from consolidation; effective date.,CR; Do Pass Higher Education and Career Tech Committee,2/14/2018,Kyle Hilbert,5,2,https://www.billtrack50.com/BillDetail/927626,billtrack50
HI,,HB2080,,Relating To Technology Development.,The committees on FIN recommend that the measure be PASSED; UNAMENDED. The votes were as follows: 10 Ayes: Representative(s) Luke; Cullen; Cachola; Gates; Holt; Keohokalole; Kobayashi; Lowen; Todd; Ward; Ayes with reservations: none; 0 Noes: none; and 5 Excused: Representative(s) DeCoite; Fukumoto; Nakamura; Yamashita; Tupola.,2/16/2018,Della Belatti; Cynthia Evans; Cedric Gates; Mark Nakashima; Joy San Buenaventura; Justin Woodson; Ryan Yamane; Kyle Yamashita,11,2,https://www.billtrack50.com/BillDetail/931052,billtrack50
VA,,HJR262,,Commending Park View High School.,Agreed to by House by voice vote,2/16/2018,John Bell,3,1,https://www.billtrack50.com/BillDetail/951284,billtrack50
WA,,SB6095,,Concerning the capital budget.,Senate Committee on Ways & Means Executive Session (15:30 2/20/2018 Senate Committee on Ways & Means),2/20/2018,David Frockt; Karen Keiser; Marko Liias; Mark Mullet; Rebecca Saldana,8,1,https://www.billtrack50.com/BillDetail/911750,billtrack50
MD,,HB967,,The Textbook Cost Savings Act of 2017,Hearing 2/21 at 1:00 p.m.,2/21/2018,C. William Frick,18,3,https://www.billtrack50.com/BillDetail/812384,billtrack50
WA,,HB2395,,Concerning the capital budget.,House Committee on Capital Budget Public Hearing (15:30 2/22/2018 House Committee on Capital Budget),2/22/2018,Steve Tharinger,4,1,https://www.billtrack50.com/BillDetail/911473,billtrack50